date,close,type
2017-11-09,320.8840026855469,actual
2017-11-10,299.25299072265625,actual
2017-11-11,314.6809997558594,actual
2017-11-12,307.9079895019531,actual
2017-11-13,316.71600341796875,actual
2017-11-14,337.6310119628906,actual
2017-11-15,333.35699462890625,actual
2017-11-16,330.92401123046875,actual
2017-11-17,332.3940124511719,actual
2017-11-18,347.61199951171875,actual
2017-11-19,354.385986328125,actual
2017-11-20,366.7300109863281,actual
2017-11-21,360.4010009765625,actual
2017-11-22,380.6520080566406,actual
2017-11-23,410.1659851074219,actual
2017-11-24,474.9110107421875,actual
2017-11-25,466.2760009765625,actual
2017-11-26,471.3299865722656,actual
2017-11-27,480.3550109863281,actual
2017-11-28,472.9020080566406,actual
2017-11-29,427.5230102539063,actual
2017-11-30,447.114013671875,actual
2017-12-01,466.5400085449219,actual
2017-12-02,463.4490051269531,actual
2017-12-03,465.8529968261719,actual
2017-12-04,470.2040100097656,actual
2017-12-05,463.281005859375,actual
2017-12-06,428.5880126953125,actual
2017-12-07,434.4079895019531,actual
2017-12-08,456.031005859375,actual
2017-12-09,473.50201416015625,actual
2017-12-10,441.7210083007813,actual
2017-12-11,515.135986328125,actual
2017-12-12,651.4310302734375,actual
2017-12-13,702.7670288085938,actual
2017-12-14,695.8159790039062,actual
2017-12-15,684.447998046875,actual
2017-12-16,696.208984375,actual
2017-12-17,719.9749755859375,actual
2017-12-18,794.64501953125,actual
2017-12-19,826.822998046875,actual
2017-12-20,819.0859985351562,actual
2017-12-21,821.06298828125,actual
2017-12-22,674.8599853515625,actual
2017-12-23,719.3870239257812,actual
2017-12-24,694.1480102539062,actual
2017-12-25,765.833984375,actual
2017-12-26,773.8359985351562,actual
2017-12-27,762.8419799804688,actual
2017-12-28,737.0230102539062,actual
2017-12-29,753.5919799804688,actual
2017-12-30,717.2570190429688,actual
2017-12-31,756.7329711914062,actual
2018-01-01,772.6409912109375,actual
2018-01-02,884.4439697265625,actual
2018-01-03,962.719970703125,actual
2018-01-04,980.9219970703124,actual
2018-01-05,997.719970703125,actual
2018-01-06,1041.6800537109375,actual
2018-01-07,1153.1700439453125,actual
2018-01-08,1148.530029296875,actual
2018-01-09,1299.739990234375,actual
2018-01-10,1255.8199462890625,actual
2018-01-11,1154.9300537109375,actual
2018-01-12,1273.199951171875,actual
2018-01-13,1396.4200439453125,actual
2018-01-14,1366.77001953125,actual
2018-01-15,1291.9200439453125,actual
2018-01-16,1053.68994140625,actual
2018-01-17,1014.25,actual
2018-01-18,1036.280029296875,actual
2018-01-19,1039.0999755859375,actual
2018-01-20,1155.1500244140625,actual
2018-01-21,1049.5799560546875,actual
2018-01-22,1003.260009765625,actual
2018-01-23,986.22900390625,actual
2018-01-24,1058.780029296875,actual
2018-01-25,1056.030029296875,actual
2018-01-26,1055.1700439453125,actual
2018-01-27,1107.0699462890625,actual
2018-01-28,1246.010009765625,actual
2018-01-29,1182.3599853515625,actual
2018-01-30,1071.1300048828125,actual
2018-01-31,1118.31005859375,actual
2018-02-01,1036.7900390625,actual
2018-02-02,915.7849731445312,actual
2018-02-03,964.0189819335938,actual
2018-02-04,834.6820068359375,actual
2018-02-05,697.9509887695312,actual
2018-02-06,793.1220092773438,actual
2018-02-07,757.0679931640625,actual
2018-02-08,817.8070068359375,actual
2018-02-09,883.864990234375,actual
2018-02-10,860.4149780273438,actual
2018-02-11,814.6599731445312,actual
2018-02-12,868.7069702148438,actual
2018-02-13,845.2579956054688,actual
2018-02-14,923.5609741210938,actual
2018-02-15,936.9760131835938,actual
2018-02-16,944.2100219726562,actual
2018-02-17,974.114990234375,actual
2018-02-18,923.9210205078124,actual
2018-02-19,943.864990234375,actual
2018-02-20,895.3709716796875,actual
2018-02-21,849.9710083007812,actual
2018-02-22,812.844970703125,actual
2018-02-23,864.1890258789062,actual
2018-02-24,840.5150146484375,actual
2018-02-25,844.8099975585938,actual
2018-02-26,869.3150024414062,actual
2018-02-27,878.2650146484375,actual
2018-02-28,855.198974609375,actual
2018-03-01,872.2000122070312,actual
2018-03-02,856.85302734375,actual
2018-03-03,857.2249755859375,actual
2018-03-04,866.677978515625,actual
2018-03-05,853.6840209960938,actual
2018-03-06,816.9509887695312,actual
2018-03-07,752.8309936523438,actual
2018-03-08,704.5960083007812,actual
2018-03-09,728.916015625,actual
2018-03-10,686.8900146484375,actual
2018-03-11,723.3389892578125,actual
2018-03-12,699.8309936523438,actual
2018-03-13,690.8270263671875,actual
2018-03-14,614.291015625,actual
2018-03-15,611.3040161132812,actual
2018-03-16,601.666015625,actual
2018-03-17,552.7789916992188,actual
2018-03-18,538.6439819335938,actual
2018-03-19,556.7260131835938,actual
2018-03-20,557.1749877929688,actual
2018-03-21,561.7319946289062,actual
2018-03-22,539.7020263671875,actual
2018-03-23,539.6190185546875,actual
2018-03-24,526.4390258789062,actual
2018-03-25,524.2869873046875,actual
2018-03-26,489.9509887695313,actual
2018-03-27,450.1159973144531,actual
2018-03-28,446.2789916992188,actual
2018-03-29,385.9679870605469,actual
2018-03-30,394.6449890136719,actual
2018-03-31,396.4570007324219,actual
2018-04-01,379.6069946289063,actual
2018-04-02,386.4249877929688,actual
2018-04-03,416.89300537109375,actual
2018-04-04,380.5429992675781,actual
2018-04-05,383.2319946289063,actual
2018-04-06,370.2850036621094,actual
2018-04-07,385.3139953613281,actual
2018-04-08,400.5079956054688,actual
2018-04-09,398.5260009765625,actual
2018-04-10,414.2430114746094,actual
2018-04-11,430.5400085449219,actual
2018-04-12,492.9410095214844,actual
2018-04-13,492.7349853515625,actual
2018-04-14,501.4779968261719,actual
2018-04-15,531.7020263671875,actual
2018-04-16,511.1470031738281,actual
2018-04-17,502.8940124511719,actual
2018-04-18,524.7890014648438,actual
2018-04-19,567.8889770507812,actual
2018-04-20,615.718017578125,actual
2018-04-21,605.39501953125,actual
2018-04-22,621.8599853515625,actual
2018-04-23,642.5479736328125,actual
2018-04-24,708.1580200195312,actual
2018-04-25,615.416015625,actual
2018-04-26,662.8090209960938,actual
2018-04-27,647.031982421875,actual
2018-04-28,683.677978515625,actual
2018-04-29,688.8809814453125,actual
2018-04-30,669.9240112304688,actual
2018-05-01,673.6129760742188,actual
2018-05-02,687.1489868164062,actual
2018-05-03,779.5430297851562,actual
2018-05-04,785.6240234375,actual
2018-05-05,816.1199951171875,actual
2018-05-06,792.3109741210938,actual
2018-05-07,753.7249755859375,actual
2018-05-08,752.8569946289062,actual
2018-05-09,752.2750244140625,actual
2018-05-10,727.2769775390625,actual
2018-05-11,679.5859985351562,actual
2018-05-12,686.0479736328125,actual
2018-05-13,733.4959716796875,actual
2018-05-14,730.5490112304688,actual
2018-05-15,708.8709716796875,actual
2018-05-16,707.0499877929688,actual
2018-05-17,672.656982421875,actual
2018-05-18,694.3670043945312,actual
2018-05-19,696.530029296875,actual
2018-05-20,715.3690185546875,actual
2018-05-21,699.2219848632812,actual
2018-05-22,647.7410278320312,actual
2018-05-23,583.5850219726562,actual
2018-05-24,601.7550048828125,actual
2018-05-25,586.7340087890625,actual
2018-05-26,587.280029296875,actual
2018-05-27,572.6680297851562,actual
2018-05-28,516.0360107421875,actual
2018-05-29,565.3880004882812,actual
2018-05-30,559.5900268554688,actual
2018-05-31,577.64501953125,actual
2018-06-01,580.0430297851562,actual
2018-06-02,591.8079833984375,actual
2018-06-03,618.3289794921875,actual
2018-06-04,592.9849853515625,actual
2018-06-05,609.302978515625,actual
2018-06-06,607.1240234375,actual
2018-06-07,605.18701171875,actual
2018-06-08,601.0770263671875,actual
2018-06-09,597.56201171875,actual
2018-06-10,526.47900390625,actual
2018-06-11,533.2839965820312,actual
2018-06-12,496.8429870605469,actual
2018-06-13,477.4939880371094,actual
2018-06-14,519.7420043945312,actual
2018-06-15,491.0039978027344,actual
2018-06-16,499.6419982910156,actual
2018-06-17,500.447998046875,actual
2018-06-18,518.8909912109375,actual
2018-06-19,537.9569702148438,actual
2018-06-20,536.2680053710938,actual
2018-06-21,527.3670043945312,actual
2018-06-22,465.8169860839844,actual
2018-06-23,474.5199890136719,actual
2018-06-24,457.6719970703125,actual
2018-06-25,460.30999755859375,actual
2018-06-26,432.7720031738281,actual
2018-06-27,442.364990234375,actual
2018-06-28,422.364990234375,actual
2018-06-29,436.0090026855469,actual
2018-06-30,455.1799926757813,actual
2018-07-01,453.9179992675781,actual
2018-07-02,475.3469848632813,actual
2018-07-03,464.1950073242188,actual
2018-07-04,467.3179931640625,actual
2018-07-05,474.4119873046875,actual
2018-07-06,474.0119934082031,actual
2018-07-07,491.6600036621094,actual
2018-07-08,489.1189880371094,actual
2018-07-09,476.6820068359375,actual
2018-07-10,434.4240112304688,actual
2018-07-11,446.51800537109375,actual
2018-07-12,430.0740051269531,actual
2018-07-13,434.0270080566406,actual
2018-07-14,436.08599853515625,actual
2018-07-15,449.8500061035156,actual
2018-07-16,480.6579895019531,actual
2018-07-17,501.00201416015625,actual
2018-07-18,480.5130004882813,actual
2018-07-19,469.6189880371094,actual
2018-07-20,450.697998046875,actual
2018-07-21,462.4360046386719,actual
2018-07-22,459.6570129394531,actual
2018-07-23,450.8529968261719,actual
2018-07-24,479.37298583984375,actual
2018-07-25,472.4930114746094,actual
2018-07-26,464.0369873046875,actual
2018-07-27,469.6659851074219,actual
2018-07-28,466.8980102539063,actual
2018-07-29,466.6650085449219,actual
2018-07-30,457.08099365234375,actual
2018-07-31,433.8670043945313,actual
2018-08-01,420.74700927734375,actual
2018-08-02,412.6210021972656,actual
2018-08-03,418.2619934082031,actual
2018-08-04,407.25201416015625,actual
2018-08-05,410.5159912109375,actual
2018-08-06,406.6579895019531,actual
2018-08-07,380.2149963378906,actual
2018-08-08,356.6130065917969,actual
2018-08-09,365.5880126953125,actual
2018-08-10,334.1759948730469,actual
2018-08-11,322.11199951171875,actual
2018-08-12,319.57000732421875,actual
2018-08-13,286.4949951171875,actual
2018-08-14,278.9320068359375,actual
2018-08-15,282.364013671875,actual
2018-08-16,288.0459899902344,actual
2018-08-17,315.72900390625,actual
2018-08-18,295.81201171875,actual
2018-08-19,300.8340148925781,actual
2018-08-20,274.31500244140625,actual
2018-08-21,281.9440002441406,actual
2018-08-22,271.34100341796875,actual
2018-08-23,277.10400390625,actual
2018-08-24,282.9670104980469,actual
2018-08-25,279.64599609375,actual
2018-08-26,275.1969909667969,actual
2018-08-27,285.6029968261719,actual
2018-08-28,296.4989929199219,actual
2018-08-29,289.31201171875,actual
2018-08-30,284.1050109863281,actual
2018-08-31,283.0039978027344,actual
2018-09-01,295.34100341796875,actual
2018-09-02,294.3710021972656,actual
2018-09-03,289.2590026855469,actual
2018-09-04,285.7229919433594,actual
2018-09-05,232.3309936523437,actual
2018-09-06,230.21499633789065,actual
2018-09-07,217.2030029296875,actual
2018-09-08,197.9510040283203,actual
2018-09-09,196.9239959716797,actual
2018-09-10,197.07899475097656,actual
2018-09-11,185.0659942626953,actual
2018-09-12,183.3309936523437,actual
2018-09-13,211.35400390625,actual
2018-09-14,211.74899291992188,actual
2018-09-15,223.07400512695312,actual
2018-09-16,220.5890045166016,actual
2018-09-17,197.875,actual
2018-09-18,209.9750061035156,actual
2018-09-19,209.968994140625,actual
2018-09-20,224.59100341796875,actual
2018-09-21,246.58399963378903,actual
2018-09-22,240.47999572753903,actual
2018-09-23,244.3300018310547,actual
2018-09-24,228.72999572753903,actual
2018-09-25,218.5050048828125,actual
2018-09-26,215.8470001220703,actual
2018-09-27,228.49400329589844,actual
2018-09-28,222.4019927978516,actual
2018-09-29,231.634994506836,actual
2018-09-30,232.84800720214844,actual
2018-10-01,230.7680053710937,actual
2018-10-02,227.1809997558593,actual
2018-10-03,220.488998413086,actual
2018-10-04,222.218002319336,actual
2018-10-05,227.6009979248047,actual
2018-10-06,225.1199951171875,actual
2018-10-07,226.11900329589844,actual
2018-10-08,229.2550048828125,actual
2018-10-09,227.98199462890625,actual
2018-10-10,225.7689971923828,actual
2018-10-11,189.49899291992188,actual
2018-10-12,196.7270050048828,actual
2018-10-13,199.84100341796875,actual
2018-10-14,195.71499633789065,actual
2018-10-15,209.70399475097656,actual
2018-10-16,210.1199951171875,actual
2018-10-17,207.0829925537109,actual
2018-10-18,203.3520050048828,actual
2018-10-19,203.7270050048828,actual
2018-10-20,205.42999267578125,actual
2018-10-21,205.1419982910156,actual
2018-10-22,204.04400634765625,actual
2018-10-23,204.33599853515625,actual
2018-10-24,203.8520050048828,actual
2018-10-25,202.718994140625,actual
2018-10-26,203.32899475097656,actual
2018-10-27,204.2100067138672,actual
2018-10-28,205.36599731445312,actual
2018-10-29,197.2469940185547,actual
2018-10-30,197.5559997558593,actual
2018-10-31,197.3809967041016,actual
2018-11-01,198.8719940185547,actual
2018-11-02,200.634994506836,actual
2018-11-03,200.18600463867188,actual
2018-11-04,207.48599243164065,actual
2018-11-05,209.09100341796875,actual
2018-11-06,218.4519958496093,actual
2018-11-07,217.18299865722656,actual
2018-11-08,212.2310028076172,actual
2018-11-09,210.07400512695312,actual
2018-11-10,212.5330047607422,actual
2018-11-11,211.33999633789065,actual
2018-11-12,210.41799926757807,actual
2018-11-13,206.8260040283203,actual
2018-11-14,181.39700317382807,actual
2018-11-15,180.8059997558593,actual
2018-11-16,175.177001953125,actual
2018-11-17,174.00100708007812,actual
2018-11-18,177.06700134277344,actual
2018-11-19,149.1750030517578,actual
2018-11-20,130.33900451660156,actual
2018-11-21,136.7010040283203,actual
2018-11-22,126.70600128173828,actual
2018-11-23,123.2959976196289,actual
2018-11-24,113.49400329589844,actual
2018-11-25,116.4499969482422,actual
2018-11-26,108.33499908447266,actual
2018-11-27,110.01000213623048,actual
2018-11-28,122.43800354003906,actual
2018-11-29,117.54264831542967,actual
2018-11-30,113.17141723632812,actual
2018-12-01,118.63555908203124,actual
2018-12-02,116.38890075683594,actual
2018-12-03,108.92501831054688,actual
2018-12-04,110.21418762207033,actual
2018-12-05,102.47555541992188,actual
2018-12-06,91.76105499267578,actual
2018-12-07,93.29456329345705,actual
2018-12-08,92.15963745117188,actual
2018-12-09,95.14205932617188,actual
2018-12-10,91.68565368652344,actual
2018-12-11,88.94530487060547,actual
2018-12-12,90.59329986572266,actual
2018-12-13,86.53931427001953,actual
2018-12-14,84.30829620361328,actual
2018-12-15,84.44081115722656,actual
2018-12-16,85.26210021972656,actual
2018-12-17,95.13382720947266,actual
2018-12-18,101.11245727539062,actual
2018-12-19,101.2685775756836,actual
2018-12-20,116.21687316894533,actual
2018-12-21,109.49623107910156,actual
2018-12-22,116.7594985961914,actual
2018-12-23,130.7652587890625,actual
2018-12-24,140.23800659179688,actual
2018-12-25,129.84434509277344,actual
2018-12-26,131.86563110351562,actual
2018-12-27,116.57591247558594,actual
2018-12-28,137.6470184326172,actual
2018-12-29,138.01834106445312,actual
2018-12-30,139.8594512939453,actual
2018-12-31,133.36825561523438,actual
2019-01-01,140.8194122314453,actual
2019-01-02,155.0476837158203,actual
2019-01-03,149.135009765625,actual
2019-01-04,154.58193969726562,actual
2019-01-05,155.6385955810547,actual
2019-01-06,157.74620056152344,actual
2019-01-07,151.69921875,actual
2019-01-08,150.35963439941406,actual
2019-01-09,150.80311584472656,actual
2019-01-10,128.62518310546875,actual
2019-01-11,127.54832458496094,actual
2019-01-12,125.9665298461914,actual
2019-01-13,116.8978042602539,actual
2019-01-14,129.0687255859375,actual
2019-01-15,122.03271484375,actual
2019-01-16,123.54706573486328,actual
2019-01-17,123.7419204711914,actual
2019-01-18,121.01026153564452,actual
2019-01-19,124.5190200805664,actual
2019-01-20,119.4748306274414,actual
2019-01-21,117.15785217285156,actual
2019-01-22,118.74755096435548,actual
2019-01-23,117.45260620117188,actual
2019-01-24,117.36288452148438,actual
2019-01-25,116.37834167480467,actual
2019-01-26,116.48873901367188,actual
2019-01-27,113.40528869628906,actual
2019-01-28,106.58997344970705,actual
2019-01-29,105.59821319580078,actual
2019-01-30,108.90753936767578,actual
2019-01-31,107.0610122680664,actual
2019-02-01,107.60978698730467,actual
2019-02-02,110.43025970458984,actual
2019-02-03,107.49266815185548,actual
2019-02-04,107.82160186767578,actual
2019-02-05,107.44351959228516,actual
2019-02-06,104.9192886352539,actual
2019-02-07,104.5353012084961,actual
2019-02-08,119.26774597167967,actual
2019-02-09,119.4308853149414,actual
2019-02-10,124.80648803710938,actual
2019-02-11,121.29839324951172,actual
2019-02-12,122.5722885131836,actual
2019-02-13,122.55360412597656,actual
2019-02-14,121.39020538330078,actual
2019-02-15,122.1003875732422,actual
2019-02-16,123.26021575927734,actual
2019-02-17,133.598876953125,actual
2019-02-18,146.09837341308594,actual
2019-02-19,145.34619140625,actual
2019-02-20,149.55433654785156,actual
2019-02-21,146.13084411621094,actual
2019-02-22,149.0924530029297,actual
2019-02-23,158.79542541503906,actual
2019-02-24,135.8526611328125,actual
2019-02-25,139.82286071777344,actual
2019-02-26,138.0896759033203,actual
2019-02-27,136.12596130371094,actual
2019-02-28,136.74624633789062,actual
2019-03-01,136.44361877441406,actual
2019-03-02,134.2069549560547,actual
2019-03-03,132.24942016601562,actual
2019-03-04,127.7741241455078,actual
2019-03-05,137.8223876953125,actual
2019-03-06,138.7893524169922,actual
2019-03-07,138.0345001220703,actual
2019-03-08,135.1270751953125,actual
2019-03-09,137.96533203125,actual
2019-03-10,136.75868225097656,actual
2019-03-11,133.8340301513672,actual
2019-03-12,134.44288635253906,actual
2019-03-13,133.26307678222656,actual
2019-03-14,133.7115936279297,actual
2019-03-15,137.69178771972656,actual
2019-03-16,142.39817810058594,actual
2019-03-17,140.00054931640625,actual
2019-03-18,139.37460327148438,actual
2019-03-19,140.51919555664062,actual
2019-03-20,140.6863555908203,actual
2019-03-21,136.6360626220703,actual
2019-03-22,137.1814422607422,actual
2019-03-23,138.2398681640625,actual
2019-03-24,136.98692321777344,actual
2019-03-25,135.03102111816406,actual
2019-03-26,135.46035766601562,actual
2019-03-27,140.9881591796875,actual
2019-03-28,139.41647338867188,actual
2019-03-29,142.49742126464844,actual
2019-03-30,142.09268188476562,actual
2019-03-31,141.51409912109375,actual
2019-04-01,141.830322265625,actual
2019-04-02,163.9617462158203,actual
2019-04-03,161.45880126953125,actual
2019-04-04,158.0525360107422,actual
2019-04-05,165.5148468017578,actual
2019-04-06,165.94720458984375,actual
2019-04-07,174.53164672851562,actual
2019-04-08,180.25881958007807,actual
2019-04-09,176.1145782470703,actual
2019-04-10,177.3374786376953,actual
2019-04-11,165.4970245361328,actual
2019-04-12,164.736328125,actual
2019-04-13,164.5133514404297,actual
2019-04-14,167.83851623535156,actual
2019-04-15,161.5741729736328,actual
2019-04-16,167.62344360351562,actual
2019-04-17,166.9507598876953,actual
2019-04-18,173.81402587890625,actual
2019-04-19,173.70843505859375,actual
2019-04-20,173.7512664794922,actual
2019-04-21,170.04652404785156,actual
2019-04-22,171.87466430664062,actual
2019-04-23,171.4477996826172,actual
2019-04-24,165.8260955810547,actual
2019-04-25,154.4593963623047,actual
2019-04-26,156.3470916748047,actual
2019-04-27,158.4349365234375,actual
2019-04-28,157.29507446289062,actual
2019-04-29,155.20199584960938,actual
2019-04-30,162.16603088378906,actual
2019-05-01,160.81834411621094,actual
2019-05-02,162.12278747558594,actual
2019-05-03,167.95240783691406,actual
2019-05-04,164.02658081054688,actual
2019-05-05,163.45069885253906,actual
2019-05-06,172.65321350097656,actual
2019-05-07,169.7986602783203,actual
2019-05-08,170.9481658935547,actual
2019-05-09,170.289306640625,actual
2019-05-10,173.1427459716797,actual
2019-05-11,194.3043365478516,actual
2019-05-12,187.3253173828125,actual
2019-05-13,196.8462829589844,actual
2019-05-14,217.1485748291016,actual
2019-05-15,247.153060913086,actual
2019-05-16,264.010009765625,actual
2019-05-17,243.7645874023437,actual
2019-05-18,234.59523010253903,actual
2019-05-19,261.2922058105469,actual
2019-05-20,251.86441040039065,actual
2019-05-21,255.21588134765625,actual
2019-05-22,244.69891357421875,actual
2019-05-23,245.9656677246093,actual
2019-05-24,249.4849853515625,actual
2019-05-25,251.75987243652344,actual
2019-05-26,267.06964111328125,actual
2019-05-27,272.8626403808594,actual
2019-05-28,271.7687072753906,actual
2019-05-29,269.4556884765625,actual
2019-05-30,255.85894775390625,actual
2019-05-31,268.1135559082031,actual
2019-06-01,265.3912658691406,actual
2019-06-02,270.2255249023437,actual
2019-06-03,252.60792541503903,actual
2019-06-04,241.3387908935547,actual
2019-06-05,247.051010131836,actual
2019-06-06,249.47433471679688,actual
2019-06-07,250.93035888671875,actual
2019-06-08,245.73809814453125,actual
2019-06-09,233.08670043945312,actual
2019-06-10,247.52012634277344,actual
2019-06-11,245.7818298339844,actual
2019-06-12,260.9032897949219,actual
2019-06-13,256.1687927246094,actual
2019-06-14,264.08746337890625,actual
2019-06-15,269.0193176269531,actual
2019-06-16,269.22320556640625,actual
2019-06-17,274.3511047363281,actual
2019-06-18,265.0518493652344,actual
2019-06-19,269.4317932128906,actual
2019-06-20,271.69500732421875,actual
2019-06-21,294.9102783203125,actual
2019-06-22,309.3803100585937,actual
2019-06-23,307.8277893066406,actual
2019-06-24,310.4246826171875,actual
2019-06-25,318.1263122558594,actual
2019-06-26,336.753173828125,actual
2019-06-27,294.26763916015625,actual
2019-06-28,311.2261047363281,actual
2019-06-29,320.05889892578125,actual
2019-06-30,290.69598388671875,actual
2019-07-01,293.64111328125,actual
2019-07-02,291.596435546875,actual
2019-07-03,303.0999755859375,actual
2019-07-04,284.5232238769531,actual
2019-07-05,287.9975280761719,actual
2019-07-06,287.547119140625,actual
2019-07-07,305.7005615234375,actual
2019-07-08,313.2514038085937,actual
2019-07-09,308.8810119628906,actual
2019-07-10,290.0023193359375,actual
2019-07-11,268.7040405273437,actual
2019-07-12,276.2767028808594,actual
2019-07-13,269.45880126953125,actual
2019-07-14,227.5780639648437,actual
2019-07-15,229.7760009765625,actual
2019-07-16,199.1886749267578,actual
2019-07-17,211.48497009277344,actual
2019-07-18,226.566162109375,actual
2019-07-19,221.3334197998047,actual
2019-07-20,229.1192169189453,actual
2019-07-21,225.6307678222656,actual
2019-07-22,217.5600128173828,actual
2019-07-23,212.728515625,actual
2019-07-24,217.0463714599609,actual
2019-07-25,219.6179962158203,actual
2019-07-26,219.62960815429688,actual
2019-07-27,207.40830993652344,actual
2019-07-28,211.18655395507807,actual
2019-07-29,211.2680511474609,actual
2019-07-30,210.5225982666016,actual
2019-07-31,218.6541442871093,actual
2019-08-01,217.8084411621093,actual
2019-08-02,217.8715667724609,actual
2019-08-03,222.49034118652344,actual
2019-08-04,222.6697235107422,actual
2019-08-05,234.21502685546875,actual
2019-08-06,226.0206451416016,actual
2019-08-07,226.39100646972656,actual
2019-08-08,220.94186401367188,actual
2019-08-09,210.4889068603516,actual
2019-08-10,206.7335357666016,actual
2019-08-11,216.0928649902344,actual
2019-08-12,211.2880706787109,actual
2019-08-13,208.70904541015625,actual
2019-08-14,186.6077423095703,actual
2019-08-15,188.50205993652344,actual
2019-08-16,185.4400787353516,actual
2019-08-17,185.68768310546875,actual
2019-08-18,194.4935302734375,actual
2019-08-19,203.0919342041016,actual
2019-08-20,196.5654144287109,actual
2019-08-21,186.89163208007807,actual
2019-08-22,191.3329162597656,actual
2019-08-23,194.70620727539065,actual
2019-08-24,191.28956604003903,actual
2019-08-25,186.84239196777344,actual
2019-08-26,188.92938232421875,actual
2019-08-27,187.51666259765625,actual
2019-08-28,173.8899688720703,actual
2019-08-29,169.51673889160156,actual
2019-08-30,168.83486938476562,actual
2019-08-31,172.46978759765625,actual
2019-09-01,171.62942504882812,actual
2019-09-02,178.34735107421875,actual
2019-09-03,179.49932861328125,actual
2019-09-04,175.99288940429688,actual
2019-09-05,174.21713256835938,actual
2019-09-06,169.9561767578125,actual
2019-09-07,178.2626190185547,actual
2019-09-08,181.35552978515625,actual
2019-09-09,181.1494598388672,actual
2019-09-10,179.78717041015625,actual
2019-09-11,178.72549438476562,actual
2019-09-12,181.0160980224609,actual
2019-09-13,181.10972595214844,actual
2019-09-14,188.1055145263672,actual
2019-09-15,189.78912353515625,actual
2019-09-16,197.11317443847656,actual
2019-09-17,208.60874938964844,actual
2019-09-18,211.39303588867188,actual
2019-09-19,221.2808532714844,actual
2019-09-20,218.050048828125,actual
2019-09-21,215.5162048339844,actual
2019-09-22,211.54537963867188,actual
2019-09-23,201.9213104248047,actual
2019-09-24,168.11073303222656,actual
2019-09-25,170.8927001953125,actual
2019-09-26,166.7271270751953,actual
2019-09-27,174.71099853515625,actual
2019-09-28,174.57289123535156,actual
2019-09-29,170.50347900390625,actual
2019-09-30,179.87220764160156,actual
2019-10-01,177.34042358398438,actual
2019-10-02,180.71051025390625,actual
2019-10-03,175.1993408203125,actual
2019-10-04,176.98500061035156,actual
2019-10-05,176.3515167236328,actual
2019-10-06,173.05914306640625,actual
2019-10-07,181.18634033203125,actual
2019-10-08,182.0215606689453,actual
2019-10-09,193.2932586669922,actual
2019-10-10,191.65966796875,actual
2019-10-11,182.56968688964844,actual
2019-10-12,180.8266448974609,actual
2019-10-13,182.0751495361328,actual
2019-10-14,186.96090698242188,actual
2019-10-15,181.40606689453125,actual
2019-10-16,176.0135040283203,actual
2019-10-17,178.02835083007812,actual
2019-10-18,173.621337890625,actual
2019-10-19,172.91302490234375,actual
2019-10-20,175.5343780517578,actual
2019-10-21,174.92098999023438,actual
2019-10-22,172.3008575439453,actual
2019-10-23,162.4027862548828,actual
2019-10-24,162.16854858398438,actual
2019-10-25,181.5232086181641,actual
2019-10-26,179.83547973632812,actual
2019-10-27,184.24221801757807,actual
2019-10-28,182.66281127929688,actual
2019-10-29,190.3425750732422,actual
2019-10-30,184.69216918945312,actual
2019-10-31,183.9669189453125,actual
2019-11-01,183.9698944091797,actual
2019-11-02,183.9257202148437,actual
2019-11-03,182.42501831054688,actual
2019-11-04,186.35519409179688,actual
2019-11-05,189.30416870117188,actual
2019-11-06,191.5938415527344,actual
2019-11-07,187.9765472412109,actual
2019-11-08,184.2114715576172,actual
2019-11-09,185.0287170410156,actual
2019-11-10,189.477279663086,actual
2019-11-11,185.48963928222656,actual
2019-11-12,186.84341430664065,actual
2019-11-13,188.2587432861328,actual
2019-11-14,185.9996337890625,actual
2019-11-15,180.52117919921875,actual
2019-11-16,183.34835815429688,actual
2019-11-17,185.1192321777344,actual
2019-11-18,180.55960083007807,actual
2019-11-19,177.45555114746094,actual
2019-11-20,175.69834899902344,actual
2019-11-21,161.4627227783203,actual
2019-11-22,150.26817321777344,actual
2019-11-23,153.41778564453125,actual
2019-11-24,142.83470153808594,actual
2019-11-25,146.47653198242188,actual
2019-11-26,148.96507263183594,actual
2019-11-27,153.01055908203125,actual
2019-11-28,151.7175750732422,actual
2019-11-29,155.3041534423828,actual
2019-11-30,152.53968811035156,actual
2019-12-01,151.18572998046875,actual
2019-12-02,149.0591583251953,actual
2019-12-03,147.9564208984375,actual
2019-12-04,146.74774169921875,actual
2019-12-05,149.24899291992188,actual
2019-12-06,149.19444274902344,actual
2019-12-07,148.76815795898438,actual
2019-12-08,151.2647247314453,actual
2019-12-09,148.2251739501953,actual
2019-12-10,146.2670440673828,actual
2019-12-11,143.60800170898438,actual
2019-12-12,145.60400390625,actual
2019-12-13,144.9447479248047,actual
2019-12-14,142.86923217773438,actual
2019-12-15,143.114990234375,actual
2019-12-16,133.61402893066406,actual
2019-12-17,122.60388946533205,actual
2019-12-18,133.09219360351562,actual
2019-12-19,129.32113647460938,actual
2019-12-20,129.06605529785156,actual
2019-12-21,128.13095092773438,actual
2019-12-22,132.3725128173828,actual
2019-12-23,128.6140899658203,actual
2019-12-24,129.0638885498047,actual
2019-12-25,126.4546356201172,actual
2019-12-26,126.36122131347656,actual
2019-12-27,127.21460723876952,actual
2019-12-28,128.3227081298828,actual
2019-12-29,134.7579803466797,actual
2019-12-30,132.63348388671875,actual
2019-12-31,129.61085510253906,actual
2020-01-01,130.802001953125,actual
2020-01-02,127.4101791381836,actual
2020-01-03,134.1717071533203,actual
2020-01-04,135.06936645507812,actual
2020-01-05,136.2767791748047,actual
2020-01-06,144.3041534423828,actual
2020-01-07,143.5439910888672,actual
2020-01-08,141.2581329345703,actual
2020-01-09,138.9792022705078,actual
2020-01-10,143.96377563476562,actual
2020-01-11,142.92710876464844,actual
2020-01-12,145.87393188476562,actual
2020-01-13,144.22659301757812,actual
2020-01-14,165.95535278320312,actual
2020-01-15,166.23068237304688,actual
2020-01-16,164.39100646972656,actual
2020-01-17,170.7799530029297,actual
2020-01-18,175.3656768798828,actual
2020-01-19,166.9698486328125,actual
2020-01-20,167.12051391601562,actual
2020-01-21,169.69715881347656,actual
2020-01-22,168.29415893554688,actual
2020-01-23,162.92855834960938,actual
2020-01-24,163.05117797851562,actual
2020-01-25,161.283935546875,actual
2020-01-26,168.0771026611328,actual
2020-01-27,170.93089294433594,actual
2020-01-28,176.3703155517578,actual
2020-01-29,175.0503387451172,actual
2020-01-30,184.6904754638672,actual
2020-01-31,180.16017150878903,actual
2020-02-01,183.6739501953125,actual
2020-02-02,188.61753845214844,actual
2020-02-03,189.8650665283203,actual
2020-02-04,189.25059509277344,actual
2020-02-05,204.2302398681641,actual
2020-02-06,212.33908081054688,actual
2020-02-07,222.7260589599609,actual
2020-02-08,223.14651489257807,actual
2020-02-09,228.5785675048828,actual
2020-02-10,223.522705078125,actual
2020-02-11,235.8511962890625,actual
2020-02-12,265.4061279296875,actual
2020-02-13,268.0992431640625,actual
2020-02-14,284.2174987792969,actual
2020-02-15,264.72857666015625,actual
2020-02-16,259.89471435546875,actual
2020-02-17,266.3634338378906,actual
2020-02-18,281.944580078125,actual
2020-02-19,259.76397705078125,actual
2020-02-20,257.949462890625,actual
2020-02-21,265.6006164550781,actual
2020-02-22,262.33172607421875,actual
2020-02-23,273.754150390625,actual
2020-02-24,265.2164306640625,actual
2020-02-25,247.81759643554688,actual
2020-02-26,225.6802673339844,actual
2020-02-27,226.75338745117188,actual
2020-02-28,226.760498046875,actual
2020-02-29,219.8485107421875,actual
2020-03-01,218.97059631347656,actual
2020-03-02,230.5697784423828,actual
2020-03-03,224.4796295166016,actual
2020-03-04,224.5179748535156,actual
2020-03-05,229.2681884765625,actual
2020-03-06,243.5252990722656,actual
2020-03-07,237.85308837890625,actual
2020-03-08,200.6890563964844,actual
2020-03-09,201.986328125,actual
2020-03-10,200.76724243164065,actual
2020-03-11,194.8685302734375,actual
2020-03-12,112.3471221923828,actual
2020-03-13,133.20181274414062,actual
2020-03-14,123.30602264404295,actual
2020-03-15,125.21430206298828,actual
2020-03-16,110.60587310791016,actual
2020-03-17,113.9427490234375,actual
2020-03-18,114.84226989746094,actual
2020-03-19,136.59385681152344,actual
2020-03-20,132.73716735839844,actual
2020-03-21,132.81871032714844,actual
2020-03-22,123.32115173339844,actual
2020-03-23,134.91160583496094,actual
2020-03-24,138.76144409179688,actual
2020-03-25,136.19589233398438,actual
2020-03-26,138.36155700683594,actual
2020-03-27,133.9379425048828,actual
2020-03-28,130.9864959716797,actual
2020-03-29,125.58373260498048,actual
2020-03-30,132.904541015625,actual
2020-03-31,133.59356689453125,actual
2020-04-01,135.63455200195312,actual
2020-04-02,142.02914428710938,actual
2020-04-03,142.09130859375,actual
2020-04-04,145.21939086914062,actual
2020-04-05,143.54664611816406,actual
2020-04-06,169.13587951660156,actual
2020-04-07,165.10194396972656,actual
2020-04-08,172.64173889160156,actual
2020-04-09,170.80714416503906,actual
2020-04-10,158.41244506835938,actual
2020-04-11,158.2160186767578,actual
2020-04-12,161.14242553710938,actual
2020-04-13,156.27955627441406,actual
2020-04-14,157.5963897705078,actual
2020-04-15,153.28689575195312,actual
2020-04-16,172.15737915039062,actual
2020-04-17,171.63858032226562,actual
2020-04-18,186.9140014648437,actual
2020-04-19,181.61495971679688,actual
2020-04-20,172.2971649169922,actual
2020-04-21,172.73770141601562,actual
2020-04-22,182.59957885742188,actual
2020-04-23,185.02867126464844,actual
2020-04-24,189.2369384765625,actual
2020-04-25,195.5153045654297,actual
2020-04-26,197.31753540039065,actual
2020-04-27,197.22471618652344,actual
2020-04-28,198.41539001464844,actual
2020-04-29,216.96823120117188,actual
2020-04-30,207.60205078125,actual
2020-05-01,214.21910095214844,actual
2020-05-02,215.32537841796875,actual
2020-05-03,210.9331512451172,actual
2020-05-04,208.17401123046875,actual
2020-05-05,206.7743988037109,actual
2020-05-06,204.0557861328125,actual
2020-05-07,212.28941345214844,actual
2020-05-08,212.9915771484375,actual
2020-05-09,211.60012817382807,actual
2020-05-10,188.5995635986328,actual
2020-05-11,185.912841796875,actual
2020-05-12,189.3125,actual
2020-05-13,199.1932830810547,actual
2020-05-14,202.9490966796875,actual
2020-05-15,195.62266540527344,actual
2020-05-16,200.6771240234375,actual
2020-05-17,207.15869140625,actual
2020-05-18,214.52505493164065,actual
2020-05-19,213.4511108398437,actual
2020-05-20,210.09674072265625,actual
2020-05-21,199.88360595703125,actual
2020-05-22,207.169189453125,actual
2020-05-23,208.69439697265625,actual
2020-05-24,202.370346069336,actual
2020-05-25,205.3197479248047,actual
2020-05-26,201.90231323242188,actual
2020-05-27,208.86343383789065,actual
2020-05-28,219.8404235839844,actual
2020-05-29,220.6751251220703,actual
2020-05-30,242.34559631347656,actual
2020-05-31,230.9757080078125,actual
2020-06-01,246.99176025390625,actual
2020-06-02,237.21905517578125,actual
2020-06-03,244.1793212890625,actual
2020-06-04,244.4263916015625,actual
2020-06-05,241.22198486328125,actual
2020-06-06,241.9313201904297,actual
2020-06-07,245.1672515869141,actual
2020-06-08,246.3099060058593,actual
2020-06-09,244.9114532470703,actual
2020-06-10,247.4449462890625,actual
2020-06-11,231.70266723632807,actual
2020-06-12,237.4932098388672,actual
2020-06-13,238.90884399414065,actual
2020-06-14,234.1147003173828,actual
2020-06-15,229.9289093017578,actual
2020-06-16,234.41616821289065,actual
2020-06-17,233.0282745361328,actual
2020-06-18,232.1011657714844,actual
2020-06-19,227.13829040527344,actual
2020-06-20,229.2742614746093,actual
2020-06-21,228.9898223876953,actual
2020-06-22,242.5331878662109,actual
2020-06-23,244.14215087890625,actual
2020-06-24,235.7724609375,actual
2020-06-25,232.94448852539065,actual
2020-06-26,229.6680450439453,actual
2020-06-27,222.9597930908203,actual
2020-06-28,225.34716796875,actual
2020-06-29,228.1948699951172,actual
2020-06-30,226.31500244140625,actual
2020-07-01,231.1134185791016,actual
2020-07-02,229.39219665527344,actual
2020-07-03,225.38706970214844,actual
2020-07-04,229.07411193847656,actual
2020-07-05,227.6645965576172,actual
2020-07-06,241.51022338867188,actual
2020-07-07,239.0755310058593,actual
2020-07-08,246.6700134277344,actual
2020-07-09,243.0159606933593,actual
2020-07-10,240.9849853515625,actual
2020-07-11,239.4581756591797,actual
2020-07-12,242.13169860839844,actual
2020-07-13,239.6045837402344,actual
2020-07-14,240.21148681640625,actual
2020-07-15,238.42352294921875,actual
2020-07-16,233.6408843994141,actual
2020-07-17,232.7730865478516,actual
2020-07-18,235.4838104248047,actual
2020-07-19,238.48751831054688,actual
2020-07-20,236.1531677246093,actual
2020-07-21,245.0167236328125,actual
2020-07-22,262.1906433105469,actual
2020-07-23,274.6890563964844,actual
2020-07-24,279.2154235839844,actual
2020-07-25,304.0567626953125,actual
2020-07-26,309.64361572265625,actual
2020-07-27,321.5140991210937,actual
2020-07-28,316.6572570800781,actual
2020-07-29,318.1908874511719,actual
2020-07-30,334.5866394042969,actual
2020-07-31,345.5546569824219,actual
2020-08-01,385.19970703125,actual
2020-08-02,370.6717224121094,actual
2020-08-03,386.295166015625,actual
2020-08-04,389.87548828125,actual
2020-08-05,401.590576171875,actual
2020-08-06,394.9619445800781,actual
2020-08-07,379.5128479003906,actual
2020-08-08,393.98736572265625,actual
2020-08-09,391.1204528808594,actual
2020-08-10,395.8875732421875,actual
2020-08-11,380.3840637207031,actual
2020-08-12,391.024169921875,actual
2020-08-13,428.7417907714844,actual
2020-08-14,437.3978271484375,actual
2020-08-15,433.35491943359375,actual
2020-08-16,433.78662109375,actual
2020-08-17,429.53125,actual
2020-08-18,423.6693115234375,actual
2020-08-19,406.4637756347656,actual
2020-08-20,416.4397888183594,actual
2020-08-21,389.1263427734375,actual
2020-08-22,395.8351440429688,actual
2020-08-23,391.3844909667969,actual
2020-08-24,408.1441955566406,actual
2020-08-25,384.00103759765625,actual
2020-08-26,386.4661254882813,actual
2020-08-27,382.6326293945313,actual
2020-08-28,395.8746643066406,actual
2020-08-29,399.9214782714844,actual
2020-08-30,428.3957214355469,actual
2020-08-31,435.0797424316406,actual
2020-09-01,477.0519104003906,actual
2020-09-02,440.0404968261719,actual
2020-09-03,385.67193603515625,actual
2020-09-04,388.24114990234375,actual
2020-09-05,335.26007080078125,actual
2020-09-06,353.3622741699219,actual
2020-09-07,352.6734924316406,actual
2020-09-08,337.60211181640625,actual
2020-09-09,351.1100158691406,actual
2020-09-10,368.1018981933594,actual
2020-09-11,374.6955871582031,actual
2020-09-12,387.18310546875,actual
2020-09-13,365.5700073242188,actual
2020-09-14,377.2688598632813,actual
2020-09-15,364.8392028808594,actual
2020-09-16,365.8122863769531,actual
2020-09-17,389.0192260742188,actual
2020-09-18,384.3645324707031,actual
2020-09-19,385.54437255859375,actual
2020-09-20,371.0528259277344,actual
2020-09-21,341.7860717773437,actual
2020-09-22,344.503173828125,actual
2020-09-23,321.1163024902344,actual
2020-09-24,349.3555908203125,actual
2020-09-25,352.1832580566406,actual
2020-09-26,355.48809814453125,actual
2020-09-27,357.4385070800781,actual
2020-09-28,355.159423828125,actual
2020-09-29,359.75738525390625,actual
2020-09-30,359.9378662109375,actual
2020-10-01,353.2059020996094,actual
2020-10-02,346.2389221191406,actual
2020-10-03,346.5220947265625,actual
2020-10-04,352.5790100097656,actual
2020-10-05,353.956787109375,actual
2020-10-06,340.8158569335937,actual
2020-10-07,341.80865478515625,actual
2020-10-08,350.7661437988281,actual
2020-10-09,365.5904846191406,actual
2020-10-10,370.9675903320313,actual
2020-10-11,375.1420593261719,actual
2020-10-12,387.7312622070313,actual
2020-10-13,381.1907653808594,actual
2020-10-14,379.4840393066406,actual
2020-10-15,377.44183349609375,actual
2020-10-16,366.22900390625,actual
2020-10-17,368.8559265136719,actual
2020-10-18,378.2136840820313,actual
2020-10-19,379.93560791015625,actual
2020-10-20,369.1369018554688,actual
2020-10-21,392.1899719238281,actual
2020-10-22,413.7729797363281,actual
2020-10-23,409.7666931152344,actual
2020-10-24,412.4576110839844,actual
2020-10-25,406.2177734375,actual
2020-10-26,393.8883056640625,actual
2020-10-27,403.9970397949219,actual
2020-10-28,388.6507568359375,actual
2020-10-29,386.7301025390625,actual
2020-10-30,382.8199768066406,actual
2020-10-31,386.59033203125,actual
2020-11-01,396.3581848144531,actual
2020-11-02,383.15673828125,actual
2020-11-03,387.6021728515625,actual
2020-11-04,402.1419982910156,actual
2020-11-05,414.0673522949219,actual
2020-11-06,454.7192993164063,actual
2020-11-07,435.713134765625,actual
2020-11-08,453.5547790527344,actual
2020-11-09,444.1630554199219,actual
2020-11-10,449.67962646484375,actual
2020-11-11,462.9605407714844,actual
2020-11-12,461.0052795410156,actual
2020-11-13,474.6264343261719,actual
2020-11-14,460.14984130859375,actual
2020-11-15,447.55908203125,actual
2020-11-16,459.9403076171875,actual
2020-11-17,480.3600769042969,actual
2020-11-18,479.4840698242188,actual
2020-11-19,471.6304321289063,actual
2020-11-20,509.74456787109375,actual
2020-11-21,549.4866333007812,actual
2020-11-22,558.068115234375,actual
2020-11-23,608.4540405273438,actual
2020-11-24,603.8977661132812,actual
2020-11-25,570.6866455078125,actual
2020-11-26,518.8011474609375,actual
2020-11-27,517.4937133789062,actual
2020-11-28,538.2297973632812,actual
2020-11-29,575.758056640625,actual
2020-11-30,614.842529296875,actual
2020-12-01,587.3241577148438,actual
2020-12-02,598.3523559570312,actual
2020-12-03,616.708740234375,actual
2020-12-04,569.3541870117188,actual
2020-12-05,596.595458984375,actual
2020-12-06,601.9089965820312,actual
2020-12-07,591.8433837890625,actual
2020-12-08,554.8277587890625,actual
2020-12-09,573.4791259765625,actual
2020-12-10,559.6785278320312,actual
2020-12-11,545.79736328125,actual
2020-12-12,568.5673217773438,actual
2020-12-13,589.6632080078125,actual
2020-12-14,586.0111694335938,actual
2020-12-15,589.3555908203125,actual
2020-12-16,636.1818237304688,actual
2020-12-17,642.8689575195312,actual
2020-12-18,654.8119506835938,actual
2020-12-19,659.2979125976562,actual
2020-12-20,638.2908325195312,actual
2020-12-21,609.81787109375,actual
2020-12-22,634.8541870117188,actual
2020-12-23,583.714599609375,actual
2020-12-24,611.607177734375,actual
2020-12-25,626.4107055664062,actual
2020-12-26,635.8358154296875,actual
2020-12-27,682.642333984375,actual
2020-12-28,730.3973388671875,actual
2020-12-29,731.5201416015625,actual
2020-12-30,751.6189575195312,actual
2020-12-31,737.8034057617188,actual
2021-01-01,730.3675537109375,actual
2021-01-02,774.5349731445312,actual
2021-01-03,975.5076904296876,actual
2021-01-04,1040.2330322265625,actual
2021-01-05,1100.006103515625,actual
2021-01-06,1207.1121826171875,actual
2021-01-07,1225.6781005859375,actual
2021-01-08,1224.1971435546875,actual
2021-01-09,1281.0772705078125,actual
2021-01-10,1262.2467041015625,actual
2021-01-11,1090.1453857421875,actual
2021-01-12,1043.4345703125,actual
2021-01-13,1130.7393798828125,actual
2021-01-14,1218.4530029296875,actual
2021-01-15,1171.8345947265625,actual
2021-01-16,1233.53759765625,actual
2021-01-17,1230.1722412109375,actual
2021-01-18,1257.279541015625,actual
2021-01-19,1377.2958984375,actual
2021-01-20,1382.2740478515625,actual
2021-01-21,1121.5709228515625,actual
2021-01-22,1236.51220703125,actual
2021-01-23,1230.9906005859375,actual
2021-01-24,1391.609375,actual
2021-01-25,1324.414794921875,actual
2021-01-26,1357.05810546875,actual
2021-01-27,1253.1871337890625,actual
2021-01-28,1332.4921875,actual
2021-01-29,1382.5228271484375,actual
2021-01-30,1376.115478515625,actual
2021-01-31,1314.9862060546875,actual
2021-02-01,1369.04052734375,actual
2021-02-02,1515.1937255859375,actual
2021-02-03,1660.9095458984375,actual
2021-02-04,1594.7626953125,actual
2021-02-05,1718.65087890625,actual
2021-02-06,1677.8468017578125,actual
2021-02-07,1614.227783203125,actual
2021-02-08,1746.6168212890625,actual
2021-02-09,1768.0350341796875,actual
2021-02-10,1744.243408203125,actual
2021-02-11,1783.7979736328125,actual
2021-02-12,1843.5325927734373,actual
2021-02-13,1814.10986328125,actual
2021-02-14,1805.0841064453125,actual
2021-02-15,1779.791015625,actual
2021-02-16,1781.0675048828125,actual
2021-02-17,1848.458251953125,actual
2021-02-18,1937.44921875,actual
2021-02-19,1960.164794921875,actual
2021-02-20,1919.5340576171875,actual
2021-02-21,1935.60107421875,actual
2021-02-22,1781.992919921875,actual
2021-02-23,1570.2039794921875,actual
2021-02-24,1626.57568359375,actual
2021-02-25,1475.7037353515625,actual
2021-02-26,1446.03369140625,actual
2021-02-27,1459.97314453125,actual
2021-02-28,1416.0489501953125,actual
2021-03-01,1564.7076416015625,actual
2021-03-02,1492.6087646484375,actual
2021-03-03,1575.8531494140625,actual
2021-03-04,1541.914306640625,actual
2021-03-05,1533.2750244140625,actual
2021-03-06,1654.7415771484375,actual
2021-03-07,1723.15380859375,actual
2021-03-08,1834.7279052734373,actual
2021-03-09,1868.048828125,actual
2021-03-10,1799.166259765625,actual
2021-03-11,1826.1949462890625,actual
2021-03-12,1772.1024169921875,actual
2021-03-13,1924.6854248046875,actual
2021-03-14,1854.5643310546875,actual
2021-03-15,1791.7022705078125,actual
2021-03-16,1806.9718017578125,actual
2021-03-17,1823.4493408203125,actual
2021-03-18,1782.8551025390625,actual
2021-03-19,1817.6241455078125,actual
2021-03-20,1812.6346435546875,actual
2021-03-21,1788.217041015625,actual
2021-03-22,1691.333984375,actual
2021-03-23,1678.650146484375,actual
2021-03-24,1593.4134521484375,actual
2021-03-25,1595.3592529296875,actual
2021-03-26,1702.842041015625,actual
2021-03-27,1716.49462890625,actual
2021-03-28,1691.35595703125,actual
2021-03-29,1819.6849365234373,actual
2021-03-30,1846.03369140625,actual
2021-03-31,1918.362060546875,actual
2021-04-01,1977.27685546875,actual
2021-04-02,2143.2255859375,actual
2021-04-03,2028.4224853515625,actual
2021-04-04,2093.122802734375,actual
2021-04-05,2107.88720703125,actual
2021-04-06,2118.37890625,actual
2021-04-07,1971.0772705078125,actual
2021-04-08,2088.57373046875,actual
2021-04-09,2072.10888671875,actual
2021-04-10,2135.942138671875,actual
2021-04-11,2157.656982421875,actual
2021-04-12,2139.353271484375,actual
2021-04-13,2299.187744140625,actual
2021-04-14,2435.10498046875,actual
2021-04-15,2519.1162109375,actual
2021-04-16,2431.946533203125,actual
2021-04-17,2344.89501953125,actual
2021-04-18,2237.136962890625,actual
2021-04-19,2166.188720703125,actual
2021-04-20,2330.2109375,actual
2021-04-21,2364.751708984375,actual
2021-04-22,2403.53515625,actual
2021-04-23,2363.586181640625,actual
2021-04-24,2211.625732421875,actual
2021-04-25,2316.0595703125,actual
2021-04-26,2534.481689453125,actual
2021-04-27,2662.865234375,actual
2021-04-28,2746.380126953125,actual
2021-04-29,2756.876953125,actual
2021-04-30,2773.20703125,actual
2021-05-01,2945.892822265625,actual
2021-05-02,2952.05615234375,actual
2021-05-03,3431.086181640625,actual
2021-05-04,3253.62939453125,actual
2021-05-05,3522.783203125,actual
2021-05-06,3490.88037109375,actual
2021-05-07,3484.72900390625,actual
2021-05-08,3902.647705078125,actual
2021-05-09,3928.8447265625,actual
2021-05-10,3952.2939453125,actual
2021-05-11,4168.701171875,actual
2021-05-12,3785.8486328125,actual
2021-05-13,3715.1484375,actual
2021-05-14,4079.057373046875,actual
2021-05-15,3638.1220703125,actual
2021-05-16,3587.506103515625,actual
2021-05-17,3282.397705078125,actual
2021-05-18,3380.070068359375,actual
2021-05-19,2460.67919921875,actual
2021-05-20,2784.294189453125,actual
2021-05-21,2430.621337890625,actual
2021-05-22,2295.70556640625,actual
2021-05-23,2109.579833984375,actual
2021-05-24,2643.591064453125,actual
2021-05-25,2706.62890625,actual
2021-05-26,2888.69873046875,actual
2021-05-27,2736.488525390625,actual
2021-05-28,2419.90625,actual
2021-05-29,2279.51416015625,actual
2021-05-30,2390.305419921875,actual
2021-05-31,2714.9453125,actual
2021-06-01,2633.518310546875,actual
2021-06-02,2706.125,actual
2021-06-03,2855.12646484375,actual
2021-06-04,2688.195068359375,actual
2021-06-05,2630.576904296875,actual
2021-06-06,2715.0927734375,actual
2021-06-07,2590.26318359375,actual
2021-06-08,2517.438720703125,actual
2021-06-09,2608.26708984375,actual
2021-06-10,2471.5185546875,actual
2021-06-11,2353.768798828125,actual
2021-06-12,2372.484375,actual
2021-06-13,2508.3916015625,actual
2021-06-14,2537.89111328125,actual
2021-06-15,2610.936767578125,actual
2021-06-16,2367.66357421875,actual
2021-06-17,2372.001953125,actual
2021-06-18,2231.733154296875,actual
2021-06-19,2178.4990234375,actual
2021-06-20,2246.364501953125,actual
2021-06-21,1888.447509765625,actual
2021-06-22,1874.9500732421875,actual
2021-06-23,1989.736328125,actual
2021-06-24,1988.456298828125,actual
2021-06-25,1813.21728515625,actual
2021-06-26,1829.2392578125,actual
2021-06-27,1978.8946533203125,actual
2021-06-28,2079.657470703125,actual
2021-06-29,2160.768310546875,actual
2021-06-30,2274.547607421875,actual
2021-07-01,2113.60546875,actual
2021-07-02,2150.040283203125,actual
2021-07-03,2226.1142578125,actual
2021-07-04,2321.72412109375,actual
2021-07-05,2198.58251953125,actual
2021-07-06,2324.679443359375,actual
2021-07-07,2315.161865234375,actual
2021-07-08,2120.0263671875,actual
2021-07-09,2146.6923828125,actual
2021-07-10,2111.403564453125,actual
2021-07-11,2139.664794921875,actual
2021-07-12,2036.7210693359373,actual
2021-07-13,1940.083984375,actual
2021-07-14,1994.331298828125,actual
2021-07-15,1911.1756591796875,actual
2021-07-16,1880.3829345703125,actual
2021-07-17,1898.8251953125,actual
2021-07-18,1895.5521240234373,actual
2021-07-19,1817.296630859375,actual
2021-07-20,1787.5107421875,actual
2021-07-21,1990.9708251953125,actual
2021-07-22,2025.2027587890625,actual
2021-07-23,2124.776611328125,actual
2021-07-24,2189.21875,actual
2021-07-25,2191.373779296875,actual
2021-07-26,2233.36669921875,actual
2021-07-27,2298.33349609375,actual
2021-07-28,2296.54541015625,actual
2021-07-29,2380.956787109375,actual
2021-07-30,2466.96142578125,actual
2021-07-31,2536.2099609375,actual
2021-08-01,2561.85205078125,actual
2021-08-02,2610.1533203125,actual
2021-08-03,2502.349609375,actual
2021-08-04,2724.619873046875,actual
2021-08-05,2827.328857421875,actual
2021-08-06,2890.941650390625,actual
2021-08-07,3157.23876953125,actual
2021-08-08,3013.732666015625,actual
2021-08-09,3167.856201171875,actual
2021-08-10,3141.691162109375,actual
2021-08-11,3164.2451171875,actual
2021-08-12,3043.414306640625,actual
2021-08-13,3322.211669921875,actual
2021-08-14,3265.443359375,actual
2021-08-15,3310.504150390625,actual
2021-08-16,3156.509521484375,actual
2021-08-17,3014.845947265625,actual
2021-08-18,3020.08984375,actual
2021-08-19,3182.7021484375,actual
2021-08-20,3286.935302734375,actual
2021-08-21,3226.083984375,actual
2021-08-22,3242.115478515625,actual
2021-08-23,3319.25732421875,actual
2021-08-24,3172.456298828125,actual
2021-08-25,3224.915283203125,actual
2021-08-26,3100.325439453125,actual
2021-08-27,3270.600830078125,actual
2021-08-28,3244.4033203125,actual
2021-08-29,3227.002685546875,actual
2021-08-30,3224.374267578125,actual
2021-08-31,3433.732666015625,actual
2021-09-01,3834.828125,actual
2021-09-02,3790.989990234375,actual
2021-09-03,3940.61474609375,actual
2021-09-04,3887.828369140625,actual
2021-09-05,3952.133544921875,actual
2021-09-06,3928.37939453125,actual
2021-09-07,3426.394287109375,actual
2021-09-08,3497.315185546875,actual
2021-09-09,3427.340087890625,actual
2021-09-10,3211.505859375,actual
2021-09-11,3270.278076171875,actual
2021-09-12,3410.134521484375,actual
2021-09-13,3285.51171875,actual
2021-09-14,3429.169677734375,actual
2021-09-15,3615.28271484375,actual
2021-09-16,3571.294921875,actual
2021-09-17,3398.538818359375,actual
2021-09-18,3432.018310546875,actual
2021-09-19,3329.447998046875,actual
2021-09-20,2958.993408203125,actual
2021-09-21,2764.43115234375,actual
2021-09-22,3077.867919921875,actual
2021-09-23,3155.523681640625,actual
2021-09-24,2931.669189453125,actual
2021-09-25,2925.565673828125,actual
2021-09-26,3062.265380859375,actual
2021-09-27,2934.138916015625,actual
2021-09-28,2807.296630859375,actual
2021-09-29,2853.143310546875,actual
2021-09-30,3001.678955078125,actual
2021-10-01,3307.51611328125,actual
2021-10-02,3391.6943359375,actual
2021-10-03,3418.358642578125,actual
2021-10-04,3380.089111328125,actual
2021-10-05,3518.5185546875,actual
2021-10-06,3580.56201171875,actual
2021-10-07,3587.974853515625,actual
2021-10-08,3563.75927734375,actual
2021-10-09,3575.716796875,actual
2021-10-10,3425.852783203125,actual
2021-10-11,3545.35400390625,actual
2021-10-12,3492.5732421875,actual
2021-10-13,3606.20166015625,actual
2021-10-14,3786.01416015625,actual
2021-10-15,3862.634765625,actual
2021-10-16,3830.382080078125,actual
2021-10-17,3847.1044921875,actual
2021-10-18,3748.76025390625,actual
2021-10-19,3877.65087890625,actual
2021-10-20,4155.9921875,actual
2021-10-21,4054.32275390625,actual
2021-10-22,3970.181884765625,actual
2021-10-23,4171.66357421875,actual
2021-10-24,4087.903076171875,actual
2021-10-25,4217.876953125,actual
2021-10-26,4131.10205078125,actual
2021-10-27,3930.25732421875,actual
2021-10-28,4287.31884765625,actual
2021-10-29,4414.74658203125,actual
2021-10-30,4325.650390625,actual
2021-10-31,4288.07421875,actual
2021-11-01,4324.626953125,actual
2021-11-02,4584.798828125,actual
2021-11-03,4607.19384765625,actual
2021-11-04,4537.32421875,actual
2021-11-05,4486.2431640625,actual
2021-11-06,4521.5810546875,actual
2021-11-07,4620.5546875,actual
2021-11-08,4812.08740234375,actual
2021-11-09,4735.06884765625,actual
2021-11-10,4636.17431640625,actual
2021-11-11,4730.38427734375,actual
2021-11-12,4667.115234375,actual
2021-11-13,4651.46044921875,actual
2021-11-14,4626.35888671875,actual
2021-11-15,4557.50390625,actual
2021-11-16,4216.365234375,actual
2021-11-17,4287.59375,actual
2021-11-18,4000.65087890625,actual
2021-11-19,4298.306640625,actual
2021-11-20,4409.93115234375,actual
2021-11-21,4269.73291015625,actual
2021-11-22,4088.457763671875,actual
2021-11-23,4340.763671875,actual
2021-11-24,4239.9814453125,actual
2021-11-25,4274.7431640625,actual
2021-11-26,4030.908935546875,actual
2021-11-27,4096.912109375,actual
2021-11-28,4294.45361328125,actual
2021-11-29,4445.10498046875,actual
2021-11-30,4631.47900390625,actual
2021-12-01,4586.990234375,actual
2021-12-02,4511.30224609375,actual
2021-12-03,4220.7060546875,actual
2021-12-04,4119.58740234375,actual
2021-12-05,4198.32275390625,actual
2021-12-06,4358.7373046875,actual
2021-12-07,4315.0615234375,actual
2021-12-08,4439.35791015625,actual
2021-12-09,4119.81591796875,actual
2021-12-10,3908.49609375,actual
2021-12-11,4084.452392578125,actual
2021-12-12,4134.453125,actual
2021-12-13,3784.226806640625,actual
2021-12-14,3745.4404296875,actual
2021-12-15,4018.388671875,actual
2021-12-16,3962.4697265625,actual
2021-12-17,3879.486572265625,actual
2021-12-18,3960.860107421875,actual
2021-12-19,3922.592529296875,actual
2021-12-20,3933.844482421875,actual
2021-12-21,4020.260009765625,actual
2021-12-22,3982.099609375,actual
2021-12-23,4108.015625,actual
2021-12-24,4047.98291015625,actual
2021-12-25,4093.281005859375,actual
2021-12-26,4067.328125,actual
2021-12-27,4037.547607421875,actual
2021-12-28,3800.89306640625,actual
2021-12-29,3628.53173828125,actual
2021-12-30,3713.85205078125,actual
2021-12-31,3682.6328125,actual
2022-01-01,3769.697021484375,actual
2022-01-02,3829.56494140625,actual
2022-01-03,3761.38037109375,actual
2022-01-04,3794.056640625,actual
2022-01-05,3550.386962890625,actual
2022-01-06,3418.408203125,actual
2022-01-07,3193.21044921875,actual
2022-01-08,3091.97265625,actual
2022-01-09,3157.75146484375,actual
2022-01-10,3083.097900390625,actual
2022-01-11,3238.111572265625,actual
2022-01-12,3372.25830078125,actual
2022-01-13,3248.28857421875,actual
2022-01-14,3310.00146484375,actual
2022-01-15,3330.53076171875,actual
2022-01-16,3350.921875,actual
2022-01-17,3212.304931640625,actual
2022-01-18,3164.025146484375,actual
2022-01-19,3095.825927734375,actual
2022-01-20,3001.1201171875,actual
2022-01-21,2557.931640625,actual
2022-01-22,2405.18115234375,actual
2022-01-23,2535.0390625,actual
2022-01-24,2440.352294921875,actual
2022-01-25,2455.93505859375,actual
2022-01-26,2468.0302734375,actual
2022-01-27,2423.001220703125,actual
2022-01-28,2547.092041015625,actual
2022-01-29,2597.084716796875,actual
2022-01-30,2603.466552734375,actual
2022-01-31,2688.27880859375,actual
2022-02-01,2792.1171875,actual
2022-02-02,2682.85400390625,actual
2022-02-03,2679.16259765625,actual
2022-02-04,2983.5869140625,actual
2022-02-05,3014.648193359375,actual
2022-02-06,3057.47607421875,actual
2022-02-07,3142.470703125,actual
2022-02-08,3122.608642578125,actual
2022-02-09,3239.45703125,actual
2022-02-10,3077.482177734375,actual
2022-02-11,2927.383544921875,actual
2022-02-12,2917.36279296875,actual
2022-02-13,2883.46337890625,actual
2022-02-14,2933.47900390625,actual
2022-02-15,3179.877197265625,actual
2022-02-16,3127.830078125,actual
2022-02-17,2881.48193359375,actual
2022-02-18,2785.7275390625,actual
2022-02-19,2763.701171875,actual
2022-02-20,2628.6484375,actual
2022-02-21,2573.816162109375,actual
2022-02-22,2639.29931640625,actual
2022-02-23,2590.359619140625,actual
2022-02-24,2598.067138671875,actual
2022-02-25,2764.53564453125,actual
2022-02-26,2781.11181640625,actual
2022-02-27,2621.8017578125,actual
2022-02-28,2919.201171875,actual
2022-03-01,2972.485107421875,actual
2022-03-02,2950.118408203125,actual
2022-03-03,2834.468994140625,actual
2022-03-04,2617.156005859375,actual
2022-03-05,2664.8310546875,actual
2022-03-06,2555.037353515625,actual
2022-03-07,2497.771240234375,actual
2022-03-08,2576.74755859375,actual
2022-03-09,2729.783447265625,actual
2022-03-10,2608.048583984375,actual
2022-03-11,2559.56298828125,actual
2022-03-12,2574.754150390625,actual
2022-03-13,2518.944580078125,actual
2022-03-14,2590.696044921875,actual
2022-03-15,2620.149658203125,actual
2022-03-16,2772.0556640625,actual
2022-03-17,2814.8544921875,actual
2022-03-18,2945.343017578125,actual
2022-03-19,2946.257080078125,actual
2022-03-20,2860.459228515625,actual
2022-03-21,2897.9765625,actual
2022-03-22,2973.131103515625,actual
2022-03-23,3031.067138671875,actual
2022-03-24,3108.06201171875,actual
2022-03-25,3106.67138671875,actual
2022-03-26,3143.178955078125,actual
2022-03-27,3291.57763671875,actual
2022-03-28,3336.634521484375,actual
2022-03-29,3401.98779296875,actual
2022-03-30,3385.157958984375,actual
2022-03-31,3281.642822265625,actual
2022-04-01,3449.55224609375,actual
2022-04-02,3445.059326171875,actual
2022-04-03,3522.83349609375,actual
2022-04-04,3521.2412109375,actual
2022-04-05,3411.79248046875,actual
2022-04-06,3171.69189453125,actual
2022-04-07,3233.274658203125,actual
2022-04-08,3192.073974609375,actual
2022-04-09,3261.916259765625,actual
2022-04-10,3211.866943359375,actual
2022-04-11,2981.05224609375,actual
2022-04-12,3030.37646484375,actual
2022-04-13,3118.34423828125,actual
2022-04-14,3019.909423828125,actual
2022-04-15,3040.91650390625,actual
2022-04-16,3062.310302734375,actual
2022-04-17,2993.4033203125,actual
2022-04-18,3057.606689453125,actual
2022-04-19,3104.1064453125,actual
2022-04-20,3077.745849609375,actual
2022-04-21,2987.480712890625,actual
2022-04-22,2964.835693359375,actual
2022-04-23,2938.114013671875,actual
2022-04-24,2922.732666015625,actual
2022-04-25,3009.3935546875,actual
2022-04-26,2808.29833984375,actual
2022-04-27,2888.9296875,actual
2022-04-28,2936.94091796875,actual
2022-04-29,2815.601806640625,actual
2022-04-30,2730.186767578125,actual
2022-05-01,2827.756103515625,actual
2022-05-02,2857.410400390625,actual
2022-05-03,2783.476318359375,actual
2022-05-04,2940.644775390625,actual
2022-05-05,2749.213134765625,actual
2022-05-06,2694.979736328125,actual
2022-05-07,2636.093017578125,actual
2022-05-08,2517.4599609375,actual
2022-05-09,2245.430419921875,actual
2022-05-10,2343.510986328125,actual
2022-05-11,2072.108642578125,actual
2022-05-12,1961.7015380859373,actual
2022-05-13,2014.418212890625,actual
2022-05-14,2056.27392578125,actual
2022-05-15,2145.706787109375,actual
2022-05-16,2022.7259521484373,actual
2022-05-17,2090.4091796875,actual
2022-05-18,1916.6561279296875,actual
2022-05-19,2018.336181640625,actual
2022-05-20,1961.315673828125,actual
2022-05-21,1974.518310546875,actual
2022-05-22,2043.170166015625,actual
2022-05-23,1972.181884765625,actual
2022-05-24,1978.9827880859373,actual
2022-05-25,1944.827880859375,actual
2022-05-26,1803.913330078125,actual
2022-05-27,1724.9228515625,actual
2022-05-28,1757.9417724609375,actual
2022-05-29,1812.031005859375,actual
2022-05-30,1996.4412841796875,actual
2022-05-31,1942.3280029296875,actual
2022-06-01,1823.5693359375,actual
2022-06-02,1834.1505126953125,actual
2022-06-03,1775.07861328125,actual
2022-06-04,1801.6094970703125,actual
2022-06-05,1805.2049560546875,actual
2022-06-06,1859.2896728515625,actual
2022-06-07,1814.04833984375,actual
2022-06-08,1793.572265625,actual
2022-06-09,1789.8260498046875,actual
2022-06-10,1665.042236328125,actual
2022-06-11,1529.6634521484375,actual
2022-06-12,1445.216552734375,actual
2022-06-13,1204.582763671875,actual
2022-06-14,1211.662841796875,actual
2022-06-15,1233.2064208984375,actual
2022-06-16,1067.730712890625,actual
2022-06-17,1086.519287109375,actual
2022-06-18,993.6367797851562,actual
2022-06-19,1127.656494140625,actual
2022-06-20,1127.6424560546875,actual
2022-06-21,1124.8245849609375,actual
2022-06-22,1051.421875,actual
2022-06-23,1143.38671875,actual
2022-06-24,1226.8447265625,actual
2022-06-25,1243.4468994140625,actual
2022-06-26,1199.8316650390625,actual
2022-06-27,1193.6806640625,actual
2022-06-28,1144.5792236328125,actual
2022-06-29,1098.94384765625,actual
2022-06-30,1067.298828125,actual
2022-07-01,1059.767333984375,actual
2022-07-02,1066.5128173828125,actual
2022-07-03,1073.7669677734375,actual
2022-07-04,1151.05908203125,actual
2022-07-05,1134.541015625,actual
2022-07-06,1186.9739990234375,actual
2022-07-07,1237.5933837890625,actual
2022-07-08,1222.5062255859375,actual
2022-07-09,1216.978271484375,actual
2022-07-10,1168.401611328125,actual
2022-07-11,1097.236572265625,actual
2022-07-12,1038.191650390625,actual
2022-07-13,1113.587158203125,actual
2022-07-14,1191.5262451171875,actual
2022-07-15,1233.129150390625,actual
2022-07-16,1352.62646484375,actual
2022-07-17,1338.6357421875,actual
2022-07-18,1578.7178955078125,actual
2022-07-19,1542.9752197265625,actual
2022-07-20,1520.20068359375,actual
2022-07-21,1576.74951171875,actual
2022-07-22,1537.4051513671875,actual
2022-07-23,1549.2974853515625,actual
2022-07-24,1599.4766845703125,actual
2022-07-25,1445.3834228515625,actual
2022-07-26,1441.8067626953125,actual
2022-07-27,1636.232666015625,actual
2022-07-28,1725.4681396484375,actual
2022-07-29,1727.406982421875,actual
2022-07-30,1695.969482421875,actual
2022-07-31,1681.517333984375,actual
2022-08-01,1635.19580078125,actual
2022-08-02,1632.9454345703125,actual
2022-08-03,1618.87451171875,actual
2022-08-04,1608.205810546875,actual
2022-08-05,1732.254638671875,actual
2022-08-06,1691.6580810546875,actual
2022-08-07,1699.350830078125,actual
2022-08-08,1775.51611328125,actual
2022-08-09,1703.0250244140625,actual
2022-08-10,1851.74267578125,actual
2022-08-11,1881.22412109375,actual
2022-08-12,1957.2464599609373,actual
2022-08-13,1981.3365478515625,actual
2022-08-14,1936.802001953125,actual
2022-08-15,1904.2281494140625,actual
2022-08-16,1878.139404296875,actual
2022-08-17,1832.9996337890625,actual
2022-08-18,1847.0078125,actual
2022-08-19,1612.9873046875,actual
2022-08-20,1577.0037841796875,actual
2022-08-21,1619.3189697265625,actual
2022-08-22,1622.505859375,actual
2022-08-23,1662.7698974609375,actual
2022-08-24,1657.0592041015625,actual
2022-08-25,1696.45703125,actual
2022-08-26,1507.7828369140625,actual
2022-08-27,1491.39501953125,actual
2022-08-28,1430.54736328125,actual
2022-08-29,1553.037353515625,actual
2022-08-30,1523.8388671875,actual
2022-08-31,1553.6849365234375,actual
2022-09-01,1586.1767578125,actual
2022-09-02,1577.220458984375,actual
2022-09-03,1556.8726806640625,actual
2022-09-04,1577.6416015625,actual
2022-09-05,1617.1832275390625,actual
2022-09-06,1561.74853515625,actual
2022-09-07,1629.9063720703125,actual
2022-09-08,1635.34765625,actual
2022-09-09,1719.08544921875,actual
2022-09-10,1776.2037353515625,actual
2022-09-11,1761.800048828125,actual
2022-09-12,1713.7652587890625,actual
2022-09-13,1580.7879638671875,actual
2022-09-14,1634.7550048828125,actual
2022-09-15,1471.6934814453125,actual
2022-09-16,1432.44775390625,actual
2022-09-17,1469.74169921875,actual
2022-09-18,1335.3291015625,actual
2022-09-19,1377.5413818359375,actual
2022-09-20,1324.38818359375,actual
2022-09-21,1252.6077880859375,actual
2022-09-22,1327.68017578125,actual
2022-09-23,1328.259521484375,actual
2022-09-24,1317.9932861328125,actual
2022-09-25,1294.216796875,actual
2022-09-26,1335.3201904296875,actual
2022-09-27,1330.127685546875,actual
2022-09-28,1337.410888671875,actual
2022-09-29,1335.65234375,actual
2022-09-30,1327.9786376953125,actual
2022-10-01,1311.6444091796875,actual
2022-10-02,1276.093505859375,actual
2022-10-03,1323.439208984375,actual
2022-10-04,1362.1265869140625,actual
2022-10-05,1352.837158203125,actual
2022-10-06,1351.70947265625,actual
2022-10-07,1332.5169677734375,actual
2022-10-08,1315.50048828125,actual
2022-10-09,1322.604248046875,actual
2022-10-10,1291.337646484375,actual
2022-10-11,1279.57568359375,actual
2022-10-12,1294.9063720703125,actual
2022-10-13,1288.1239013671875,actual
2022-10-14,1297.422119140625,actual
2022-10-15,1274.8717041015625,actual
2022-10-16,1306.296630859375,actual
2022-10-17,1331.713623046875,actual
2022-10-18,1310.447021484375,actual
2022-10-19,1285.7442626953125,actual
2022-10-20,1283.200927734375,actual
2022-10-21,1299.9464111328125,actual
2022-10-22,1314.2991943359375,actual
2022-10-23,1363.447021484375,actual
2022-10-24,1344.99853515625,actual
2022-10-25,1461.6654052734375,actual
2022-10-26,1566.566650390625,actual
2022-10-27,1514.3748779296875,actual
2022-10-28,1555.4779052734375,actual
2022-10-29,1619.698486328125,actual
2022-10-30,1590.7833251953125,actual
2022-10-31,1572.7144775390625,actual
2022-11-01,1579.70458984375,actual
2022-11-02,1519.7117919921875,actual
2022-11-03,1531.541748046875,actual
2022-11-04,1645.0933837890625,actual
2022-11-05,1627.968017578125,actual
2022-11-06,1572.2347412109375,actual
2022-11-07,1568.59130859375,actual
2022-11-08,1332.8355712890625,actual
2022-11-09,1100.1697998046875,actual
2022-11-10,1299.464599609375,actual
2022-11-11,1287.2210693359375,actual
2022-11-12,1255.268310546875,actual
2022-11-13,1221.8192138671875,actual
2022-11-14,1241.604248046875,actual
2022-11-15,1251.7362060546875,actual
2022-11-16,1215.6025390625,actual
2022-11-17,1200.80859375,actual
2022-11-18,1212.30029296875,actual
2022-11-19,1218.4267578125,actual
2022-11-20,1142.4666748046875,actual
2022-11-21,1108.35302734375,actual
2022-11-22,1135.1734619140625,actual
2022-11-23,1183.1995849609375,actual
2022-11-24,1203.983154296875,actual
2022-11-25,1198.9259033203125,actual
2022-11-26,1205.89794921875,actual
2022-11-27,1195.126953125,actual
2022-11-28,1170.086181640625,actual
2022-11-29,1216.9012451171875,actual
2022-11-30,1295.6885986328125,actual
2022-12-01,1276.27392578125,actual
2022-12-02,1294.3033447265625,actual
2022-12-03,1243.3348388671875,actual
2022-12-04,1280.256591796875,actual
2022-12-05,1259.6767578125,actual
2022-12-06,1271.65380859375,actual
2022-12-07,1232.4375,actual
2022-12-08,1281.1163330078125,actual
2022-12-09,1264.2847900390625,actual
2022-12-10,1266.3841552734375,actual
2022-12-11,1263.8685302734375,actual
2022-12-12,1274.6190185546875,actual
2022-12-13,1320.5491943359375,actual
2022-12-14,1309.3287353515625,actual
2022-12-15,1266.3538818359375,actual
2022-12-16,1168.2593994140625,actual
2022-12-17,1188.1495361328125,actual
2022-12-18,1184.7152099609375,actual
2022-12-19,1167.60986328125,actual
2022-12-20,1217.70361328125,actual
2022-12-21,1213.5999755859375,actual
2022-12-22,1218.18212890625,actual
2022-12-23,1220.159423828125,actual
2022-12-24,1221.1485595703125,actual
2022-12-25,1218.9620361328125,actual
2022-12-26,1226.974365234375,actual
2022-12-27,1212.7916259765625,actual
2022-12-28,1189.986083984375,actual
2022-12-29,1201.5953369140625,actual
2022-12-30,1199.2327880859375,actual
2022-12-31,1196.771240234375,actual
2023-01-01,1200.96484375,actual
2023-01-02,1214.6566162109375,actual
2023-01-03,1214.77880859375,actual
2023-01-04,1256.526611328125,actual
2023-01-05,1250.4385986328125,actual
2023-01-06,1269.3790283203125,actual
2023-01-07,1264.2703857421875,actual
2023-01-08,1287.3594970703125,actual
2023-01-09,1321.5389404296875,actual
2023-01-10,1336.5860595703125,actual
2023-01-11,1387.9327392578125,actual
2023-01-12,1417.9384765625,actual
2023-01-13,1451.6148681640625,actual
2023-01-14,1550.7069091796875,actual
2023-01-15,1552.4794921875,actual
2023-01-16,1576.83349609375,actual
2023-01-17,1567.8460693359375,actual
2023-01-18,1515.5069580078125,actual
2023-01-19,1552.5565185546875,actual
2023-01-20,1659.754150390625,actual
2023-01-21,1627.1181640625,actual
2023-01-22,1628.382080078125,actual
2023-01-23,1628.2510986328125,actual
2023-01-24,1556.604248046875,actual
2023-01-25,1611.7110595703125,actual
2023-01-26,1603.10595703125,actual
2023-01-27,1598.156494140625,actual
2023-01-28,1572.43505859375,actual
2023-01-29,1646.1556396484375,actual
2023-01-30,1567.3265380859375,actual
2023-01-31,1586.535400390625,actual
2023-02-01,1641.792724609375,actual
2023-02-02,1643.2415771484375,actual
2023-02-03,1664.74560546875,actual
2023-02-04,1667.0592041015625,actual
2023-02-05,1631.6458740234375,actual
2023-02-06,1616.2470703125,actual
2023-02-07,1672.0035400390625,actual
2023-02-08,1650.716796875,actual
2023-02-09,1546.438232421875,actual
2023-02-10,1514.869140625,actual
2023-02-11,1539.9267578125,actual
2023-02-12,1515.03369140625,actual
2023-02-13,1507.1658935546875,actual
2023-02-14,1556.8751220703125,actual
2023-02-15,1673.7459716796875,actual
2023-02-16,1640.067626953125,actual
2023-02-17,1694.7833251953125,actual
2023-02-18,1691.8194580078125,actual
2023-02-19,1681.4361572265625,actual
2023-02-20,1702.6751708984375,actual
2023-02-21,1658.036376953125,actual
2023-02-22,1643.231689453125,actual
2023-02-23,1651.0738525390625,actual
2023-02-24,1608.3731689453125,actual
2023-02-25,1594.9149169921875,actual
2023-02-26,1640.817138671875,actual
2023-02-27,1634.326416015625,actual
2023-02-28,1605.8951416015625,actual
2023-03-01,1663.4337158203125,actual
2023-03-02,1647.3193359375,actual
2023-03-03,1569.1676025390625,actual
2023-03-04,1566.9239501953125,actual
2023-03-05,1564.46875,actual
2023-03-06,1567.398681640625,actual
2023-03-07,1561.93310546875,actual
2023-03-08,1534.0882568359375,actual
2023-03-09,1438.6607666015625,actual
2023-03-10,1429.1580810546875,actual
2023-03-11,1482.61669921875,actual
2023-03-12,1590.29296875,actual
2023-03-13,1680.3089599609375,actual
2023-03-14,1703.507080078125,actual
2023-03-15,1656.1805419921875,actual
2023-03-16,1677.2154541015625,actual
2023-03-17,1792.485107421875,actual
2023-03-18,1761.65966796875,actual
2023-03-19,1785.5765380859375,actual
2023-03-20,1735.3212890625,actual
2023-03-21,1806.7607421875,actual
2023-03-22,1737.717041015625,actual
2023-03-23,1816.4051513671875,actual
2023-03-24,1752.0447998046875,actual
2023-03-25,1743.7647705078125,actual
2023-03-26,1775.6767578125,actual
2023-03-27,1715.4608154296875,actual
2023-03-28,1772.78564453125,actual
2023-03-29,1793.0018310546875,actual
2023-03-30,1792.7371826171875,actual
2023-03-31,1822.0220947265625,actual
2023-04-01,1813.860595703125,actual
2023-04-02,1795.7081298828125,actual
2023-04-03,1810.297119140625,actual
2023-04-04,1871.005126953125,actual
2023-04-05,1909.114013671875,actual
2023-04-06,1872.922607421875,actual
2023-04-07,1865.6361083984373,actual
2023-04-08,1849.4981689453125,actual
2023-04-09,1859.3878173828125,actual
2023-04-10,1911.20751953125,actual
2023-04-11,1892.189697265625,actual
2023-04-12,1920.68212890625,actual
2023-04-13,2012.6346435546875,actual
2023-04-14,2101.635498046875,actual
2023-04-15,2092.466796875,actual
2023-04-16,2120.005859375,actual
2023-04-17,2076.242919921875,actual
2023-04-18,2104.537353515625,actual
2023-04-19,1936.4034423828125,actual
2023-04-20,1943.09765625,actual
2023-04-21,1849.9998779296875,actual
2023-04-22,1874.2286376953125,actual
2023-04-23,1862.06201171875,actual
2023-04-24,1842.7574462890625,actual
2023-04-25,1866.753662109375,actual
2023-04-26,1866.564208984375,actual
2023-04-27,1908.786376953125,actual
2023-04-28,1892.5128173828125,actual
2023-04-29,1908.9169921875,actual
2023-04-30,1876.92431640625,actual
2023-05-01,1831.954833984375,actual
2023-05-02,1870.789306640625,actual
2023-05-03,1904.65185546875,actual
2023-05-04,1877.7041015625,actual
2023-05-05,1995.0609130859373,actual
2023-05-06,1900.2218017578125,actual
2023-05-07,1873.076416015625,actual
2023-05-08,1849.042724609375,actual
2023-05-09,1848.6031494140625,actual
2023-05-10,1842.4014892578125,actual
2023-05-11,1796.4906005859375,actual
2023-05-12,1808.019775390625,actual
2023-05-13,1796.1148681640625,actual
2023-05-14,1800.5009765625,actual
2023-05-15,1817.5499267578125,actual
2023-05-16,1824.1214599609373,actual
2023-05-17,1821.859619140625,actual
2023-05-18,1801.728515625,actual
2023-05-19,1812.5894775390625,actual
2023-05-20,1820.47802734375,actual
2023-05-21,1804.5313720703125,actual
2023-05-22,1817.5347900390625,actual
2023-05-23,1854.380615234375,actual
2023-05-24,1800.0999755859375,actual
2023-05-25,1805.9537353515625,actual
2023-05-26,1828.689697265625,actual
2023-05-27,1831.1182861328125,actual
2023-05-28,1910.9141845703125,actual
2023-05-29,1893.078125,actual
2023-05-30,1901.026611328125,actual
2023-05-31,1874.1304931640625,actual
2023-06-01,1862.201416015625,actual
2023-06-02,1907.256591796875,actual
2023-06-03,1892.4124755859373,actual
2023-06-04,1890.5135498046875,actual
2023-06-05,1811.828369140625,actual
2023-06-06,1884.494873046875,actual
2023-06-07,1832.39599609375,actual
2023-06-08,1846.3018798828125,actual
2023-06-09,1840.2252197265625,actual
2023-06-10,1752.384765625,actual
2023-06-11,1753.415283203125,actual
2023-06-12,1742.5286865234375,actual
2023-06-13,1739.03759765625,actual
2023-06-14,1650.519287109375,actual
2023-06-15,1665.519775390625,actual
2023-06-16,1716.6688232421875,actual
2023-06-17,1727.2041015625,actual
2023-06-18,1720.5775146484375,actual
2023-06-19,1737.659423828125,actual
2023-06-20,1792.1199951171875,actual
2023-06-21,1891.0072021484373,actual
2023-06-22,1872.9429931640625,actual
2023-06-23,1892.862060546875,actual
2023-06-24,1876.0596923828125,actual
2023-06-25,1900.506103515625,actual
2023-06-26,1859.432861328125,actual
2023-06-27,1889.703369140625,actual
2023-06-28,1827.97119140625,actual
2023-06-29,1852.227294921875,actual
2023-06-30,1933.18896484375,actual
2023-07-01,1924.56591796875,actual
2023-07-02,1937.4383544921875,actual
2023-07-03,1955.38916015625,actual
2023-07-04,1936.633544921875,actual
2023-07-05,1910.5880126953125,actual
2023-07-06,1848.636474609375,actual
2023-07-07,1870.6025390625,actual
2023-07-08,1865.53955078125,actual
2023-07-09,1863.009765625,actual
2023-07-10,1880.556396484375,actual
2023-07-11,1878.3360595703125,actual
2023-07-12,1872.11376953125,actual
2023-07-13,2006.511474609375,actual
2023-07-14,1939.3470458984373,actual
2023-07-15,1931.466552734375,actual
2023-07-16,1923.681884765625,actual
2023-07-17,1911.6461181640625,actual
2023-07-18,1897.5992431640625,actual
2023-07-19,1889.0079345703125,actual
2023-07-20,1890.9691162109373,actual
2023-07-21,1892.080078125,actual
2023-07-22,1864.912353515625,actual
2023-07-23,1889.191650390625,actual
2023-07-24,1850.0020751953125,actual
2023-07-25,1857.741943359375,actual
2023-07-26,1872.159912109375,actual
2023-07-27,1860.357177734375,actual
2023-07-28,1874.744873046875,actual
2023-07-29,1881.06884765625,actual
2023-07-30,1861.643798828125,actual
2023-07-31,1856.162353515625,actual
2023-08-01,1871.7921142578125,actual
2023-08-02,1839.0897216796875,actual
2023-08-03,1835.136474609375,actual
2023-08-04,1827.712890625,actual
2023-08-05,1834.9879150390625,actual
2023-08-06,1827.4620361328125,actual
2023-08-07,1826.9388427734373,actual
2023-08-08,1855.807373046875,actual
2023-08-09,1854.297607421875,actual
2023-08-10,1850.75341796875,actual
2023-08-11,1847.1243896484373,actual
2023-08-12,1848.889892578125,actual
2023-08-13,1839.2801513671875,actual
2023-08-14,1844.185791015625,actual
2023-08-15,1826.9327392578125,actual
2023-08-16,1805.6590576171875,actual
2023-08-17,1684.9334716796875,actual
2023-08-18,1660.945068359375,actual
2023-08-19,1669.471923828125,actual
2023-08-20,1684.85205078125,actual
2023-08-21,1667.26904296875,actual
2023-08-22,1633.892578125,actual
2023-08-23,1679.2744140625,actual
2023-08-24,1659.944580078125,actual
2023-08-25,1652.93505859375,actual
2023-08-26,1646.3067626953125,actual
2023-08-27,1657.5130615234375,actual
2023-08-28,1652.4573974609375,actual
2023-08-29,1729.7257080078125,actual
2023-08-30,1705.1121826171875,actual
2023-08-31,1645.63916015625,actual
2023-09-01,1628.4912109375,actual
2023-09-02,1637.025390625,actual
2023-09-03,1636.11767578125,actual
2023-09-04,1629.6552734375,actual
2023-09-05,1633.62939453125,actual
2023-09-06,1632.2523193359375,actual
2023-09-07,1647.5982666015625,actual
2023-09-08,1636.1378173828125,actual
2023-09-09,1635.162353515625,actual
2023-09-10,1616.828857421875,actual
2023-09-11,1551.6376953125,actual
2023-09-12,1592.429443359375,actual
2023-09-13,1607.988525390625,actual
2023-09-14,1626.974365234375,actual
2023-09-15,1641.640380859375,actual
2023-09-16,1635.2216796875,actual
2023-09-17,1622.896728515625,actual
2023-09-18,1637.3470458984375,actual
2023-09-19,1643.544677734375,actual
2023-09-20,1622.890625,actual
2023-09-21,1584.3070068359375,actual
2023-09-22,1593.268310546875,actual
2023-09-23,1593.8577880859375,actual
2023-09-24,1580.8533935546875,actual
2023-09-25,1588.3228759765625,actual
2023-09-26,1593.417236328125,actual
2023-09-27,1597.4912109375,actual
2023-09-28,1652.8826904296875,actual
2023-09-29,1667.94384765625,actual
2023-09-30,1671.161865234375,actual
2023-10-01,1733.8104248046875,actual
2023-10-02,1663.6275634765625,actual
2023-10-03,1656.6856689453125,actual
2023-10-04,1647.838134765625,actual
2023-10-05,1611.4764404296875,actual
2023-10-06,1645.83154296875,actual
2023-10-07,1634.51123046875,actual
2023-10-08,1633.548583984375,actual
2023-10-09,1579.806640625,actual
2023-10-10,1567.7130126953125,actual
2023-10-11,1566.2547607421875,actual
2023-10-12,1539.6124267578125,actual
2023-10-13,1552.0894775390625,actual
2023-10-14,1555.2568359375,actual
2023-10-15,1558.06982421875,actual
2023-10-16,1600.5343017578125,actual
2023-10-17,1565.4395751953125,actual
2023-10-18,1563.7498779296875,actual
2023-10-19,1567.45703125,actual
2023-10-20,1604.6668701171875,actual
2023-10-21,1629.304443359375,actual
2023-10-22,1663.429931640625,actual
2023-10-23,1765.3826904296875,actual
2023-10-24,1784.4375,actual
2023-10-25,1787.3975830078125,actual
2023-10-26,1804.039306640625,actual
2023-10-27,1780.0452880859375,actual
2023-10-28,1776.6181640625,actual
2023-10-29,1795.5460205078125,actual
2023-10-30,1810.088623046875,actual
2023-10-31,1816.458984375,actual
2023-11-01,1847.0897216796875,actual
2023-11-02,1800.6209716796875,actual
2023-11-03,1832.795166015625,actual
2023-11-04,1857.6986083984373,actual
2023-11-05,1894.15771484375,actual
2023-11-06,1899.83740234375,actual
2023-11-07,1888.124267578125,actual
2023-11-08,1889.3223876953125,actual
2023-11-09,2120.56103515625,actual
2023-11-10,2078.289794921875,actual
2023-11-11,2052.7138671875,actual
2023-11-12,2045.18701171875,actual
2023-11-13,2055.265380859375,actual
2023-11-14,1979.0526123046875,actual
2023-11-15,2060.408447265625,actual
2023-11-16,1960.881591796875,actual
2023-11-17,1961.28076171875,actual
2023-11-18,1963.2850341796875,actual
2023-11-19,2013.2044677734373,actual
2023-11-20,2022.2391357421875,actual
2023-11-21,1937.0667724609373,actual
2023-11-22,2064.42529296875,actual
2023-11-23,2062.210693359375,actual
2023-11-24,2081.152099609375,actual
2023-11-25,2084.4130859375,actual
2023-11-26,2063.2861328125,actual
2023-11-27,2027.4173583984373,actual
2023-11-28,2049.338134765625,actual
2023-11-29,2029.92919921875,actual
2023-11-30,2052.55615234375,actual
2023-12-01,2087.139892578125,actual
2023-12-02,2165.7041015625,actual
2023-12-03,2193.691650390625,actual
2023-12-04,2243.2158203125,actual
2023-12-05,2293.841796875,actual
2023-12-06,2231.661376953125,actual
2023-12-07,2357.57958984375,actual
2023-12-08,2358.73193359375,actual
2023-12-09,2341.17529296875,actual
2023-12-10,2352.462646484375,actual
2023-12-11,2224.578857421875,actual
2023-12-12,2202.0380859375,actual
2023-12-13,2260.648681640625,actual
2023-12-14,2316.5791015625,actual
2023-12-15,2219.33740234375,actual
2023-12-16,2226.926513671875,actual
2023-12-17,2196.481201171875,actual
2023-12-18,2217.2734375,actual
2023-12-19,2177.87255859375,actual
2023-12-20,2201.911376953125,actual
2023-12-21,2239.54248046875,actual
2023-12-22,2326.52490234375,actual
2023-12-23,2309.04638671875,actual
2023-12-24,2265.692138671875,actual
2023-12-25,2272.561767578125,actual
2023-12-26,2231.46533203125,actual
2023-12-27,2378.739990234375,actual
2023-12-28,2347.566162109375,actual
2023-12-29,2300.690673828125,actual
2023-12-30,2292.0654296875,actual
2023-12-31,2281.47119140625,actual
2024-01-01,2352.327880859375,actual
2024-01-02,2355.83642578125,actual
2024-01-03,2210.761962890625,actual
2024-01-04,2269.0380859375,actual
2024-01-05,2268.647216796875,actual
2024-01-06,2241.624755859375,actual
2024-01-07,2222.865966796875,actual
2024-01-08,2333.03271484375,actual
2024-01-09,2344.8271484375,actual
2024-01-10,2582.103515625,actual
2024-01-11,2619.619140625,actual
2024-01-12,2524.460205078125,actual
2024-01-13,2576.597900390625,actual
2024-01-14,2472.2412109375,actual
2024-01-15,2511.36376953125,actual
2024-01-16,2587.691162109375,actual
2024-01-17,2528.369384765625,actual
2024-01-18,2467.018798828125,actual
2024-01-19,2489.49853515625,actual
2024-01-20,2469.589111328125,actual
2024-01-21,2453.9130859375,actual
2024-01-22,2310.826416015625,actual
2024-01-23,2240.68603515625,actual
2024-01-24,2233.561767578125,actual
2024-01-25,2217.710205078125,actual
2024-01-26,2267.19970703125,actual
2024-01-27,2267.885986328125,actual
2024-01-28,2257.208740234375,actual
2024-01-29,2317.064208984375,actual
2024-01-30,2344.49365234375,actual
2024-01-31,2282.54443359375,actual
2024-02-01,2303.82470703125,actual
2024-02-02,2308.0380859375,actual
2024-02-03,2296.038330078125,actual
2024-02-04,2289.546142578125,actual
2024-02-05,2298.888916015625,actual
2024-02-06,2372.201904296875,actual
2024-02-07,2423.7451171875,actual
2024-02-08,2419.906494140625,actual
2024-02-09,2487.515625,actual
2024-02-10,2501.228271484375,actual
2024-02-11,2507.570556640625,actual
2024-02-12,2658.115966796875,actual
2024-02-13,2642.185302734375,actual
2024-02-14,2777.90234375,actual
2024-02-15,2824.37890625,actual
2024-02-16,2803.69140625,actual
2024-02-17,2786.672607421875,actual
2024-02-18,2878.998046875,actual
2024-02-19,2943.57470703125,actual
2024-02-20,3013.503662109375,actual
2024-02-21,2970.35546875,actual
2024-02-22,2971.00732421875,actual
2024-02-23,2921.658203125,actual
2024-02-24,2992.385986328125,actual
2024-02-25,3112.697265625,actual
2024-02-26,3178.99365234375,actual
2024-02-27,3244.519287109375,actual
2024-02-28,3385.703857421875,actual
2024-02-29,3341.919677734375,actual
2024-03-01,3435.053955078125,actual
2024-03-02,3422.0498046875,actual
2024-03-03,3490.99365234375,actual
2024-03-04,3630.433837890625,actual
2024-03-05,3554.964599609375,actual
2024-03-06,3819.226318359375,actual
2024-03-07,3874.34765625,actual
2024-03-08,3892.06103515625,actual
2024-03-09,3915.4189453125,actual
2024-03-10,3881.193115234375,actual
2024-03-11,4066.445068359375,actual
2024-03-12,3980.273193359375,actual
2024-03-13,4006.45703125,actual
2024-03-14,3883.140380859375,actual
2024-03-15,3735.22021484375,actual
2024-03-16,3522.860107421875,actual
2024-03-17,3642.4130859375,actual
2024-03-18,3517.985107421875,actual
2024-03-19,3157.6181640625,actual
2024-03-20,3513.39306640625,actual
2024-03-21,3492.9912109375,actual
2024-03-22,3333.68798828125,actual
2024-03-23,3336.593994140625,actual
2024-03-24,3454.636474609375,actual
2024-03-25,3590.8837890625,actual
2024-03-26,3587.5048828125,actual
2024-03-27,3500.115234375,actual
2024-03-28,3561.2939453125,actual
2024-03-29,3511.80615234375,actual
2024-03-30,3507.9443359375,actual
2024-03-31,3647.8564453125,actual
2024-04-01,3505.030029296875,actual
2024-04-02,3277.234619140625,actual
2024-04-03,3311.44189453125,actual
2024-04-04,3330.04052734375,actual
2024-04-05,3318.88525390625,actual
2024-04-06,3354.183837890625,actual
2024-04-07,3453.49462890625,actual
2024-04-08,3695.292724609375,actual
2024-04-09,3505.163330078125,actual
2024-04-10,3543.737060546875,actual
2024-04-11,3505.247802734375,actual
2024-04-12,3243.034912109375,actual
2024-04-13,3004.900390625,actual
2024-04-14,3156.94189453125,actual
2024-04-15,3101.600341796875,actual
2024-04-16,3084.920166015625,actual
2024-04-17,2984.7275390625,actual
2024-04-18,3066.027587890625,actual
2024-04-19,3059.278564453125,actual
2024-04-20,3157.627197265625,actual
2024-04-21,3147.28857421875,actual
2024-04-22,3201.652099609375,actual
2024-04-23,3219.91162109375,actual
2024-04-24,3139.80517578125,actual
2024-04-25,3156.509521484375,actual
2024-04-26,3130.164794921875,actual
2024-04-27,3252.168212890625,actual
2024-04-28,3262.774658203125,actual
2024-04-29,3215.428955078125,actual
2024-04-30,3012.286865234375,actual
2024-05-01,2969.78466796875,actual
2024-05-02,2988.16845703125,actual
2024-05-03,3103.5419921875,actual
2024-05-04,3117.576416015625,actual
2024-05-05,3137.2490234375,actual
2024-05-06,3062.728759765625,actual
2024-05-07,3006.5771484375,actual
2024-05-08,2973.6572265625,actual
2024-05-09,3036.0205078125,actual
2024-05-10,2909.791259765625,actual
2024-05-11,2911.60205078125,actual
2024-05-12,2928.701904296875,actual
2024-05-13,2949.359619140625,actual
2024-05-14,2881.157958984375,actual
2024-05-15,3037.056640625,actual
2024-05-16,2945.131103515625,actual
2024-05-17,3094.11865234375,actual
2024-05-18,3122.948974609375,actual
2024-05-19,3071.843017578125,actual
2024-05-20,3663.85546875,actual
2024-05-21,3789.312744140625,actual
2024-05-22,3737.2177734375,actual
2024-05-23,3776.92724609375,actual
2024-05-24,3726.9345703125,actual
2024-05-25,3749.236572265625,actual
2024-05-26,3825.8974609375,actual
2024-05-27,3892.0068359375,actual
2024-05-28,3840.25634765625,actual
2024-05-29,3763.196533203125,actual
2024-05-30,3746.849609375,actual
2024-05-31,3760.026611328125,actual
2024-06-01,3813.198974609375,actual
2024-06-02,3780.89599609375,actual
2024-06-03,3766.38916015625,actual
2024-06-04,3812.515869140625,actual
2024-06-05,3864.260986328125,actual
2024-06-06,3811.60595703125,actual
2024-06-07,3678.629150390625,actual
2024-06-08,3680.949951171875,actual
2024-06-09,3705.90380859375,actual
2024-06-10,3666.717529296875,actual
2024-06-11,3498.33056640625,actual
2024-06-12,3559.61767578125,actual
2024-06-13,3469.28125,actual
2024-06-14,3480.27197265625,actual
2024-06-15,3565.549560546875,actual
2024-06-16,3620.5634765625,actual
2024-06-17,3511.37890625,actual
2024-06-18,3483.681396484375,actual
2024-06-19,3559.347412109375,actual
2024-06-20,3511.0869140625,actual
2024-06-21,3516.07568359375,actual
2024-06-22,3494.8134765625,actual
2024-06-23,3418.61181640625,actual
2024-06-24,3350.25634765625,actual
2024-06-25,3395.029052734375,actual
2024-06-26,3369.477294921875,actual
2024-06-27,3444.800537109375,actual
2024-06-28,3373.635986328125,actual
2024-06-29,3372.9677734375,actual
2024-06-30,3432.88916015625,actual
2024-07-01,3440.341552734375,actual
2024-07-02,3416.354736328125,actual
2024-07-03,3292.916748046875,actual
2024-07-04,3054.52197265625,actual
2024-07-05,2981.5986328125,actual
2024-07-06,3069.3779296875,actual
2024-07-07,2929.38720703125,actual
2024-07-08,3018.73193359375,actual
2024-07-09,3064.032958984375,actual
2024-07-10,3102.21875,actual
2024-07-11,3100.330810546875,actual
2024-07-12,3134.15869140625,actual
2024-07-13,3177.19873046875,actual
2024-07-14,3244.0791015625,actual
2024-07-15,3489.552734375,actual
2024-07-16,3443.513427734375,actual
2024-07-17,3388.75244140625,actual
2024-07-18,3426.258544921875,actual
2024-07-19,3505.73486328125,actual
2024-07-20,3519.29541015625,actual
2024-07-21,3536.60546875,actual
2024-07-22,3440.419921875,actual
2024-07-23,3481.995849609375,actual
2024-07-24,3336.33935546875,actual
2024-07-25,3174.42724609375,actual
2024-07-26,3275.951416015625,actual
2024-07-27,3247.60791015625,actual
2024-07-28,3271.464599609375,actual
2024-07-29,3320.539306640625,actual
2024-07-30,3278.667724609375,actual
2024-07-31,3231.295654296875,actual
2024-08-01,3201.564453125,actual
2024-08-02,2986.01318359375,actual
2024-08-03,2903.3857421875,actual
2024-08-04,2686.39892578125,actual
2024-08-05,2417.206298828125,actual
2024-08-06,2458.723876953125,actual
2024-08-07,2336.58935546875,actual
2024-08-08,2683.352783203125,actual
2024-08-09,2599.5986328125,actual
2024-08-10,2610.02294921875,actual
2024-08-11,2553.252197265625,actual
2024-08-12,2724.431884765625,actual
2024-08-13,2703.671875,actual
2024-08-14,2662.914794921875,actual
2024-08-15,2570.087646484375,actual
2024-08-16,2593.1865234375,actual
2024-08-17,2614.546875,actual
2024-08-18,2613.357177734375,actual
2024-08-19,2637.306396484375,actual
2024-08-20,2573.10693359375,actual
2024-08-21,2631.3955078125,actual
2024-08-22,2622.951416015625,actual
2024-08-23,2764.447021484375,actual
2024-08-24,2769.3896484375,actual
2024-08-25,2749.15771484375,actual
2024-08-26,2681.340576171875,actual
2024-08-27,2458.7265625,actual
2024-08-28,2528.41552734375,actual
2024-08-29,2528.792724609375,actual
2024-08-30,2525.822021484375,actual
2024-08-31,2513.393798828125,actual
2024-09-01,2427.90234375,actual
2024-09-02,2538.187255859375,actual
2024-09-03,2420.603759765625,actual
2024-09-04,2448.97705078125,actual
2024-09-05,2367.737548828125,actual
2024-09-06,2223.87646484375,actual
2024-09-07,2274.107177734375,actual
2024-09-08,2297.29296875,actual
2024-09-09,2358.482177734375,actual
2024-09-10,2389.5810546875,actual
2024-09-11,2339.841552734375,actual
2024-09-12,2361.78173828125,actual
2024-09-13,2441.607177734375,actual
2024-09-14,2418.595703125,actual
2024-09-15,2320.897216796875,actual
2024-09-16,2295.28369140625,actual
2024-09-17,2341.707763671875,actual
2024-09-18,2369.72900390625,actual
2024-09-19,2464.752197265625,actual
2024-09-20,2561.072021484375,actual
2024-09-21,2615.857177734375,actual
2024-09-22,2582.862548828125,actual
2024-09-23,2648.54638671875,actual
2024-09-24,2654.35498046875,actual
2024-09-25,2579.388671875,actual
2024-09-26,2632.199951171875,actual
2024-09-27,2695.900634765625,actual
2024-09-28,2677.5390625,actual
2024-09-29,2659.346923828125,actual
2024-09-30,2603.062744140625,actual
2024-10-01,2448.921142578125,actual
2024-10-02,2365.231689453125,actual
2024-10-03,2349.791259765625,actual
2024-10-04,2414.7939453125,actual
2024-10-05,2415.6318359375,actual
2024-10-06,2439.957763671875,actual
2024-10-07,2421.796630859375,actual
2024-10-08,2439.8408203125,actual
2024-10-09,2368.283447265625,actual
2024-10-10,2383.85791015625,actual
2024-10-11,2436.513427734375,actual
2024-10-12,2476.523193359375,actual
2024-10-13,2467.677001953125,actual
2024-10-14,2628.89990234375,actual
2024-10-15,2606.02197265625,actual
2024-10-16,2611.10205078125,actual
2024-10-17,2604.2734375,actual
2024-10-18,2641.55224609375,actual
2024-10-19,2648.656982421875,actual
2024-10-20,2746.364013671875,actual
2024-10-21,2665.712158203125,actual
2024-10-22,2620.197509765625,actual
2024-10-23,2509.098876953125,actual
2024-10-24,2534.49853515625,actual
2024-10-25,2435.93408203125,actual
2024-10-26,2479.603271484375,actual
2024-10-27,2505.940673828125,actual
2024-10-28,2565.34814453125,actual
2024-10-29,2637.95751953125,actual
2024-10-30,2657.37255859375,actual
2024-10-31,2515.79931640625,actual
2024-11-01,2511.885498046875,actual
2024-11-02,2491.068603515625,actual
2024-11-03,2456.42529296875,actual
2024-11-04,2397.0263671875,actual
2024-11-05,2422.650634765625,actual
2024-11-06,2724.169189453125,actual
2024-11-07,2895.58544921875,actual
2024-11-08,2962.296630859375,actual
2024-11-09,3131.14453125,actual
2024-11-10,3191.331298828125,actual
2024-11-11,3374.81298828125,actual
2024-11-12,3246.25732421875,actual
2024-11-13,3192.595947265625,actual
2024-11-14,3058.94873046875,actual
2024-11-15,3103.04052734375,actual
2024-11-16,3133.27392578125,actual
2024-11-17,3075.66162109375,actual
2024-11-18,3207.8564453125,actual
2024-11-19,3111.384033203125,actual
2024-11-20,3072.18798828125,actual
2024-11-21,3361.053955078125,actual
2024-11-22,3331.600830078125,actual
2024-11-23,3396.223388671875,actual
2024-11-24,3363.659912109375,actual
2024-11-25,3413.5439453125,actual
2024-11-26,3326.517333984375,actual
2024-11-27,3657.249267578125,actual
2024-11-28,3579.8115234375,actual
2024-11-29,3593.494384765625,actual
2024-11-30,3705.705322265625,actual
2024-12-01,3711.1650390625,actual
2024-12-02,3644.198486328125,actual
2024-12-03,3620.711669921875,actual
2024-12-04,3841.3310546875,actual
2024-12-05,3811.00830078125,actual
2024-12-06,4005.810546875,actual
2024-12-07,4002.692626953125,actual
2024-12-08,4005.70458984375,actual
2024-12-09,3718.6904296875,actual
2024-12-10,3631.833740234375,actual
2024-12-11,3832.822021484375,actual
2024-12-12,3883.1015625,actual
2024-12-13,3911.205322265625,actual
2024-12-14,3868.4052734375,actual
2024-12-15,3951.941162109375,actual
2024-12-16,3987.48095703125,actual
2024-12-17,3886.76611328125,actual
2024-12-18,3618.791259765625,actual
2024-12-19,3417.927978515625,actual
2024-12-20,3472.553466796875,actual
2024-12-21,3337.222412109375,actual
2024-12-22,3277.53515625,actual
2024-12-23,3415.785400390625,actual
2024-12-24,3492.0498046875,actual
2024-12-25,3493.2353515625,actual
2024-12-26,3331.225830078125,actual
2024-12-27,3328.9169921875,actual
2024-12-28,3397.90234375,actual
2024-12-29,3349.513427734375,actual
2024-12-30,3356.392578125,actual
2024-12-31,3332.53173828125,actual
2025-01-01,3353.504150390625,actual
2025-01-02,3451.392578125,actual
2025-01-03,3605.009765625,actual
2025-01-04,3657.706787109375,actual
2025-01-05,3634.103759765625,actual
2025-01-06,3688.611328125,actual
2025-01-07,3381.577392578125,actual
2025-01-08,3326.329345703125,actual
2025-01-09,3219.4306640625,actual
2025-01-10,3267.489990234375,actual
2025-01-11,3282.2177734375,actual
2025-01-12,3265.951171875,actual
2025-01-13,3135.499755859375,actual
2025-01-14,3223.6845703125,actual
2025-01-15,3450.53759765625,actual
2025-01-16,3308.34521484375,actual
2025-01-17,3474.107177734375,actual
2025-01-18,3305.78955078125,actual
2025-01-19,3208.96435546875,actual
2025-01-20,3278.035400390625,actual
2025-01-21,3327.40625,actual
2025-01-22,3240.224609375,actual
2025-01-23,3334.714111328125,actual
2025-01-24,3309.554931640625,actual
2025-01-25,3317.26953125,actual
2025-01-26,3236.13427734375,actual
2025-01-27,3178.92041015625,actual
2025-01-28,3077.112548828125,actual
2025-01-29,3112.9990234375,actual
2025-01-30,3247.780029296875,actual
2025-01-31,3298.26513671875,actual
2025-02-01,3118.32861328125,actual
2025-02-02,2868.69287109375,actual
2025-02-03,2884.566650390625,actual
2025-02-04,2735.05126953125,actual
2025-02-05,2787.779052734375,actual
2025-02-06,2688.40087890625,actual
2025-02-07,2622.211181640625,actual
2025-02-08,2632.308349609375,actual
2025-02-09,2628.72119140625,actual
2025-02-10,2661.166748046875,actual
2025-02-11,2602.781982421875,actual
2025-02-12,2736.902099609375,actual
2025-02-13,2675.902587890625,actual
2025-02-14,2726.091552734375,actual
2025-02-15,2693.559814453125,actual
2025-02-16,2663.31591796875,actual
2025-02-17,2743.19970703125,actual
2025-02-18,2669.3388671875,actual
2025-02-19,2715.77099609375,actual
2025-02-20,2740.386474609375,actual
2025-02-21,2659.655517578125,actual
2025-02-22,2764.029296875,actual
2025-02-23,2821.310302734375,actual
2025-02-24,2513.8212890625,actual
2025-02-25,2493.592529296875,actual
2025-02-26,2331.45263671875,actual
2025-02-27,2305.484375,actual
2025-02-28,2237.9052734375,actual
2025-03-01,2216.643310546875,actual
2025-03-02,2519.694580078125,actual
2025-03-03,2145.573974609375,actual
2025-03-04,2170.01513671875,actual
2025-03-05,2241.977294921875,actual
2025-03-06,2202.476806640625,actual
2025-03-07,2138.987548828125,actual
2025-03-08,2201.51025390625,actual
2025-03-09,2015.5091552734373,actual
2025-03-10,1861.1513671875,actual
2025-03-11,1919.844970703125,actual
2025-03-12,1908.982666015625,actual
2025-03-13,1862.9696044921875,actual
2025-03-14,1909.467529296875,actual
2025-03-15,1937.3946533203125,actual
2025-03-16,1887.43505859375,actual
2025-03-17,1927.0029296875,actual
2025-03-18,1932.54345703125,actual
2025-03-19,2057.7490234375,actual
2025-03-20,1982.099853515625,actual
2025-03-21,1964.8475341796875,actual
2025-03-22,1980.037841796875,actual
2025-03-23,2005.2991943359373,actual
2025-03-24,2077.47900390625,actual
2025-03-25,2067.76416015625,actual
2025-03-26,2009.1893310546875,actual
2025-03-27,2002.357421875,actual
2025-03-28,1895.5029296875,actual
2025-03-29,1827.3203125,actual
2025-03-30,1806.2186279296875,actual
2025-03-31,1823.47998046875,actual
2025-04-01,1905.491455078125,actual
2025-04-02,1795.313232421875,actual
2025-04-03,1815.63720703125,actual
2025-04-04,1815.335205078125,actual
2025-04-05,1805.9732666015625,actual
2025-04-06,1576.72802734375,actual
2025-04-07,1555.240966796875,actual
2025-04-08,1472.5531005859375,actual
2025-04-09,1668.0400390625,actual
2025-04-10,1522.518798828125,actual
2025-04-11,1567.1497802734375,actual
2025-04-12,1643.528564453125,actual
2025-04-13,1596.685791015625,actual
2025-04-14,1622.7698974609375,actual
2025-04-15,1588.6324462890625,actual
2025-04-16,1578.1053466796875,actual
2025-04-17,1582.54833984375,actual
2025-04-18,1588.9246826171875,actual
2025-04-19,1612.9228515625,actual
2025-04-20,1587.5142822265625,actual
2025-04-21,1579.7344970703125,actual
2025-04-22,1757.3316650390625,actual
2025-04-23,1796.104248046875,actual
2025-04-24,1769.8316650390625,actual
2025-04-25,1786.634521484375,actual
2025-04-26,1821.881103515625,actual
2025-04-27,1792.864990234375,actual
2025-04-28,1798.851806640625,actual
2025-04-29,1799.1756591796875,actual
2025-04-30,1793.775390625,actual
2025-05-01,1839.2215576171875,actual
2025-05-02,1842.7078857421875,actual
2025-05-03,1833.8397216796875,actual
2025-05-04,1808.59423828125,actual
2025-05-05,1819.697509765625,actual
2025-05-06,1815.0875244140625,actual
2025-05-07,1811.606689453125,actual
2025-05-08,2206.5146484375,actual
2025-05-09,2345.50732421875,actual
2025-05-10,2582.422607421875,actual
2025-05-11,2510.23779296875,actual
2025-05-12,2496.397705078125,actual
2025-05-13,2680.129638671875,actual
2025-05-14,2610.063232421875,actual
2025-05-15,2546.85693359375,actual
2025-05-16,2536.297607421875,actual
2025-05-17,2475.75439453125,actual
2025-05-18,2498.233642578125,actual
2025-05-19,2529.166748046875,actual
2025-05-20,2524.173095703125,actual
2025-05-21,2479.166748046875,actual
2025-05-22,2481.33,actual
2025-05-23,2643.8,actual
2025-05-25,2558.92,actual
2025-05-26,2559.01,actual
2025-05-27,2619.81,actual
2025-05-28,2633.79,actual
2025-05-29,2727.61,actual
2025-05-30,2621.38,actual
2025-05-31,2524.52,actual
2025-06-01,2508.55,actual
2025-06-02,2508.49,actual
2025-06-03,2607.65,actual
2025-06-04,2631.35,actual
2025-06-05,2606.51,actual
2025-06-06,2458.56,actual
2025-06-07,2491.73,actual
2025-06-08,2516.95,actual
2025-06-09,2491.95,actual
2025-06-10,2678.34,actual
2025-06-11,2787.47,actual
2025-06-12,2743.72,actual
2025-06-13,2535.99,actual
2025-06-14,2532.34,actual
